ime,dr≈æava,spol,disciplina,zlate,srebrne,bronaste,skupaj
ZHANG Yufei,China,F,Swimming,0,1,5,6
MARCHAND Leon,France,M,Swimming,4,0,1,5
HUSKE Torri,United States,F,Swimming,3,2,0,5
O'CALLAGHAN Mollie,Australia,F,Swimming,3,1,1,5
SMITH Regan,United States,F,Swimming,2,3,0,5
McKEOWN Kaylee,Australia,F,Swimming,2,1,2,5
McINTOSH Summer,Canada,F,Swimming,3,1,0,4
BILES Simone,United States,F,Artistic Gymnastics,3,1,0,4
OKA Shinnosuke,Japan,M,Artistic Gymnastics,3,0,1,4
TITMUS Ariarne,Australia,F,Swimming,2,2,0,4
DOUGLASS Kate,United States,F,Swimming,2,2,0,4
WALSH Gretchen,United States,F,Swimming,2,2,0,4
LEDECKY Katie,United States,F,Swimming,2,1,1,4
ANDRADE Rebeca,Brazil,F,Artistic Gymnastics,1,2,1,4
YANG Junxuan,China,F,Swimming,0,1,3,4
KIM Woojin,Korea,M,Archery,3,0,0,3
LIM Sihyeon,Korea,F,Archery,3,0,0,3
LAVREYSEN Harrie,Netherlands,M,Cycling Track,3,0,0,3
CARRINGTON Lisa,New Zealand,F,Canoe Sprint,3,0,0,3
THOMAS Gabrielle,United States,F,Athletics,3,0,0,3
PAN Zhanle,China,M,Swimming,2,1,0,3
SUN Yingsha,China,F,Table Tennis,2,1,0,3
ANDREWS Ellesse,New Zealand,F,Cycling Track,2,1,0,3
DRESSEL Caeleb,United States,M,Swimming,2,1,0,3
HARRIS Meg,Australia,F,Swimming,1,2,0,3
XU Jiayu,China,M,Swimming,1,2,0,3
ZOU Jingyuan,China,M,Artistic Gymnastics,1,2,0,3
FINK Nic,United States,M,Swimming,1,2,0,3
McKEON Emma,Australia,F,Swimming,1,1,1,3
BOL Femke,Netherlands,F,Athletics,1,1,1,3
MURPHY Ryan,United States,M,Swimming,1,1,1,3
FINUCANE Emma,Great Britain,F,Cycling Track,1,0,2,3
HASSAN Sifan,Netherlands,F,Athletics,1,0,2,3
LEE Sunisa,United States,F,Artistic Gymnastics,1,0,2,3
CHALMERS Kyle,Australia,M,Swimming,0,2,1,3
RICHARDSON Matthew,Australia,M,Cycling Track,0,2,1,3
TANG Qianting,China,F,Swimming,0,2,1,3
ZHANG Boheng,China,M,Artistic Gymnastics,0,2,1,3
CSIPES Tamara,Hungary,F,Canoe Sprint,0,2,1,3
FOX Jessica,Australia,F,Canoe Slalom,2,0,0,2
JACK Shayna,Australia,F,Swimming,2,0,0,2
EVENEPOEL Remco,Belgium,M,Cycling Road,2,0,0,2
CHEN Meng,China,F,Table Tennis,2,0,0,2
CHEN Yiwen,China,F,Diving,2,0,0,2
FAN Zhendong,China,M,Table Tennis,2,0,0,2
QUAN Hongchan,China,F,Diving,2,0,0,2
SHENG Lihao,China,M,Shooting,2,0,0,2
WANG Chuqin,China,M,Table Tennis,2,0,0,2
WANG Liuyi,China,F,Artistic Swimming,2,0,0,2
WANG Qianyi,China,F,Artistic Swimming,2,0,0,2
RINER Teddy,France,M,Judo,2,0,0,2
LEMKE Max,Germany,M,Canoe Sprint,2,0,0,2
SCHOPF Jacob,Germany,M,Canoe Sprint,2,0,0,2
von BREDOW-WERNDL Jessica,Germany,F,Equestrian,2,0,0,2
CHEBET Beatrice,Kenya,F,Athletics,2,0,0,2
OH Sanguk,Korea,M,Fencing,2,0,0,2
HOSKIN Alicia,New Zealand,F,Canoe Sprint,2,0,0,2
YULO Carlos Edriel,Philippines,M,Artistic Gymnastics,2,0,0,2
SJOESTROEM Sarah,Sweden,F,Swimming,2,0,0,2
BENJAMIN Rai,United States,M,Athletics,2,0,0,2
FAULKNER Kristen,United States,F,Cycling Road,2,0,0,2
KIEFER Lee,United States,F,Fencing,2,0,0,2
McLAUGHLIN-LEVRONE Sydney,United States,F,Athletics,2,0,0,2
VALENTE Jennifer,United States,F,Cycling Track,2,0,0,2
TEBOGO Letsile,Botswana,M,Athletics,1,1,0,2
CHEN Yuxi,China,F,Diving,1,1,0,2
HUANG Yuting,China,F,Shooting,1,1,0,2
LIU Yang,China,M,Artistic Gymnastics,1,1,0,2
QIN Haiyang,China,M,Swimming,1,1,0,2
WANG Zongyuan,China,M,Diving,1,1,0,2
PINTADO Brian Daniel,Ecuador,M,Athletics,1,1,0,2
PEREZ Maria,Spain,F,Athletics,1,1,0,2
GABA Joan-Benjamin,France,M,Judo,1,1,0,2
MKHEIDZE Luka,France,M,Judo,1,1,0,2
RICHARDS Matthew,Great Britain,M,Swimming,1,1,0,2
SCOTT Duncan,Great Britain,M,Swimming,1,1,0,2
WERTH Isabell,Germany,F,Equestrian,1,1,0,2
MILAK Kristof,Hungary,M,Swimming,1,1,0,2
D'AMATO Alice,Italy,F,Artistic Gymnastics,1,1,0,2
ABE Hifumi,Japan,M,Judo,1,1,0,2
KANO Koki,Japan,M,Fencing,1,1,0,2
NAGASE Takanori,Japan,M,Judo,1,1,0,2
TSUNODA Natsumi,Japan,F,Judo,1,1,0,2
KIPYEGON Faith,Kenya,F,Athletics,1,1,0,2
NAM Suhyeon,Korea,F,Archery,1,1,0,2
ALFRED Julien,Saint Lucia,F,Athletics,1,1,0,2
KLAVER Lieke,Netherlands,F,Athletics,1,1,0,2
PEETERS Cathelijn,Netherlands,F,Athletics,1,1,0,2
LEITAO Iuri,Portugal,M,Cycling Track,1,1,0,2
ANGHEL Roxana,Romania,F,Rowing,1,1,0,2
BODNAR Ancuta,Romania,F,Rowing,1,1,0,2
RADIS Simona,Romania,F,Rowing,1,1,0,2
VRINCEANU Ioana,Romania,F,Rowing,1,1,0,2
SMITH Tatjana,South Africa,F,Swimming,1,1,0,2
ALEXY Jack,United States,M,Swimming,1,1,0,2
ARMSTRONG Hunter,United States,M,Swimming,1,1,0,2
BROWN Kaylyn,United States,F,Athletics,1,1,0,2
DEADMON Bryce,United States,M,Athletics,1,1,0,2
FINKE Bobby,United States,M,Swimming,1,1,0,2
GUILIANO Chris,United States,M,Swimming,1,1,0,2
HANCOCK Vincent,United States,M,Shooting,1,1,0,2
LITTLE Shamier,United States,F,Athletics,1,1,0,2
NORWOOD Vernon,United States,M,Athletics,1,1,0,2
RICHARDSON Sha'carri,United States,F,Athletics,1,1,0,2
SCRUGGS Lauren,United States,F,Fencing,1,1,0,2
SHACKELL Alex,United States,F,Swimming,1,1,0,2
SWANSON Charlie,United States,M,Swimming,1,1,0,2
WEITZEIL Abbey,United States,F,Swimming,1,1,0,2
SOUZA Beatriz,Brazil,F,Judo,1,0,1,2
VINCENT Katie,Canada,F,Canoe Sprint,1,0,1,2
CHANG Yani,China,F,Diving,1,0,1,2
MARTIN Alvaro,Spain,M,Athletics,1,0,1,2
AGBEGNENOU Clarisse,France,F,Judo,1,0,1,2
BOUKLI Shirine,France,F,Judo,1,0,1,2
BUCHARD Amandine,France,F,Judo,1,0,1,2
CYSIQUE Sarah Leonie,France,F,Judo,1,0,1,2
DICKO Romane,France,F,Judo,1,0,1,2
NGAYAP HAMBOU Maxime-Gael,France,M,Judo,1,0,1,2
COLLETT Laura,Great Britain,F,Equestrian,1,0,1,2
YEE Alex,Great Britain,M,Triathlon,1,0,1,2
WIFFEN Daniel,Ireland,M,Swimming,1,0,1,2
CECCON Thomas,Italy,M,Swimming,1,0,1,2
LEE Wooseok,Korea,M,Archery,1,0,1,2
POPOVICI David,Romania,M,Swimming,1,0,1,2
KHARLAN Olga,Ukraine,F,Fencing,1,0,1,2
BERKOFF Katharine,United States,F,Swimming,1,0,1,2
CAREY Jade,United States,F,Artistic Gymnastics,1,0,1,2
DYGERT Chloe,United States,F,Cycling Track,1,0,1,2
JEFFERSON Melissa,United States,F,Athletics,1,0,1,2
LYLES Noah,United States,M,Athletics,1,0,1,2
MALLO-BRETON Auriane,France,F,Fencing,0,2,0,2
MACCHI Filippo,Italy,M,Fencing,0,2,0,2
MURAO Sanshiro,Japan,M,Judo,0,2,0,2
MOREGARD Truls,Sweden,M,Table Tennis,0,2,0,2
MANUEL Simone,United States,F,Swimming,0,2,0,2
ANDERSON Iona,Australia,F,Swimming,0,1,1,2
SOUTHAM Flynn,Australia,M,Swimming,0,1,1,2
STUBBLETY-COOK Zac,Australia,M,Swimming,0,1,1,2
TAYLOR Kai,Australia,M,Swimming,0,1,1,2
WINNINGTON Elijah,Australia,M,Swimming,0,1,1,2
LIMA Willian,Brazil,M,Judo,0,1,1,2
XIAO Ruoteng,China,M,Artistic Gymnastics,0,1,1,2
BARKER Elinor,Great Britain,F,Cycling Track,0,1,1,2
CARLIN Jack,Great Britain,M,Cycling Track,0,1,1,2
HUDSON-SMITH Matthew,Great Britain,M,Athletics,0,1,1,2
WILLIAMS Noah,Great Britain,M,Diving,0,1,1,2
FRIEDRICH Lea,Germany,F,Cycling Track,0,1,1,2
HAKE Jule Marie,Germany,F,Canoe Sprint,0,1,1,2
PASZEK Paulina,Germany,F,Canoe Sprint,0,1,1,2
GAZSO Alida Dora,Hungary,F,Canoe Sprint,0,1,1,2
CONSONNI Simone,Italy,M,Cycling Track,0,1,1,2
ESPOSITO Manila,Italy,F,Artistic Gymnastics,0,1,1,2
GANNA Filippo,Italy,M,Cycling Track,0,1,1,2
PALTRINIERI Gregorio,Italy,M,Swimming,0,1,1,2
FUNAKUBO Haruka,Japan,F,Judo,0,1,1,2
HASHIMOTO Soichi,Japan,M,Judo,0,1,1,2
HAYATA Hina,Japan,F,Table Tennis,0,1,1,2
NAGAYAMA Ryuju,Japan,M,Judo,0,1,1,2
HUH Mimi,Korea,F,Judo,0,1,1,2
KIM Minjong,Korea,M,Judo,0,1,1,2
OLVERA IBARRA Osmar,Mexico,M,Diving,0,1,1,2
WOLLASTON Ally,New Zealand,F,Cycling Track,0,1,1,2
KIM Mi Rae,DPR Korea,F,Diving,0,1,1,2
ELLISON Brady,United States,M,Archery,0,1,1,2
FOSTER Carson,United States,M,Swimming,0,1,1,2
HOBSON Luke,United States,M,Swimming,0,1,1,2
MADDEN Paige,United States,F,Swimming,0,1,1,2
SMITH Austen Jewell,United States,F,Shooting,0,1,1,2
GLAETZER Matthew,Australia,M,Cycling Track,0,0,2,2
MONTAG Jemima,Australia,F,Athletics,0,0,2,2
PIMENTA Larissa,Brazil,F,Judo,0,0,2,2
KHARUN Ilya,Canada,M,Swimming,0,0,2,2
WU Qingfeng,China,F,Swimming,0,0,2,2
YU Yiting,China,F,Swimming,0,0,2,2
LEBRUN Felix,France,M,Table Tennis,0,0,2,2
MANAUDOU Florent,France,M,Swimming,0,0,2,2
ANNING Amber,Great Britain,F,Athletics,0,0,2,2
FRY Charlotte,Great Britain,F,Equestrian,0,0,2,2
HAYDOCK-WILSON Alex,Great Britain,M,Athletics,0,0,2,2
NIELSEN Laviai,Great Britain,F,Athletics,0,0,2,2
POTTER Beth,Great Britain,F,Triathlon,0,0,2,2
REARDON Samuel,Great Britain,M,Athletics,0,0,2,2
WOODS Kimberley,Great Britain,F,Canoe Slalom,0,0,2,2
YEARGIN Nicole,Great Britain,F,Athletics,0,0,2,2
HAUGHEY Siobhan Bernadette,"Hong Kong, China",F,Swimming,0,0,2,2
FOJT Sara,Hungary,F,Canoe Sprint,0,0,2,2
PUPP Noemi,Hungary,F,Canoe Sprint,0,0,2,2
BHAKER Manu,India,F,Shooting,0,0,2,2
KIM Hayun,Korea,F,Judo,0,0,2,2
LEE Joonhwan,Korea,M,Judo,0,0,2,2
SHIN Yubin,Korea,F,Table Tennis,0,0,2,2
FISHER Grant,United States,M,Athletics,0,0,2,2
MOORE Jasmine,United States,F,Athletics,0,0,2,2
NEDOROSCIK Stephen,United States,M,Artistic Gymnastics,0,0,2,2
LITVINOVICH Ivan,AIN,M,Trampoline Gymnastics,1,0,0,1
KHELIF Imane,Algeria,F,Boxing,1,0,0,1
NEMOUR Kaylia,Algeria,F,Artistic Gymnastics,1,0,0,1
TORRES GIL Jose,Argentina,M,Cycling BMX Freestyle,1,0,0,1
BLEDDYN Oliver,Australia,M,Cycling Track,1,0,0,1
BROWN Grace,Australia,F,Cycling Road,1,0,0,1
CAMPBELL Bronte,Australia,F,Swimming,1,0,0,1
EBDEN Matthew,Australia,M,Tennis,1,0,0,1
FOX Noemie,Australia,F,Canoe Slalom,1,0,0,1
KENNEDY Nina,Australia,F,Athletics,1,0,0,1
LEAHY Conor,Australia,M,Cycling Track,1,0,0,1
McEVOY Cameron,Australia,M,Swimming,1,0,0,1
O'BRIEN Kelland,Australia,M,Cycling Track,1,0,0,1
PALLISTER Lani,Australia,F,Swimming,1,0,0,1
PALMER Keegan,Australia,M,Skateboarding,1,0,0,1
PEERS John,Australia,M,Tennis,1,0,0,1
PERKINS Jamie,Australia,F,Swimming,1,0,0,1
SAKAKIBARA Saya,Australia,F,Cycling BMX Racing,1,0,0,1
THROSSELL Brianna,Australia,F,Swimming,1,0,0,1
TREW Arisa,Australia,F,Skateboarding,1,0,0,1
WEARN Matt,Australia,M,Sailing,1,0,0,1
WELSFORD Sam,Australia,M,Cycling Track,1,0,0,1
WUNSCH Olivia,Australia,F,Swimming,1,0,0,1
BONTUS Valentin,Austria,M,Sailing,1,0,0,1
MAEHR Lukas,Austria,M,Sailing,1,0,0,1
VADLAU Lara,Austria,F,Sailing,1,0,0,1
HEYDAROV Hidayat,Azerbaijan,M,Judo,1,0,0,1
KOTSOIEV Zelym,Azerbaijan,M,Judo,1,0,0,1
THIAM Nafissatou,Belgium,F,Athletics,1,0,0,1
SANTOS LISBOA Eduarda,Brazil,F,Beach Volleyball,1,0,0,1
SILVA RAMOS Ana Patricia,Brazil,F,Beach Volleyball,1,0,0,1
TAZHUDINOV Akhmed,Bahrain,M,Wrestling,1,0,0,1
YAVI Winfred,Bahrain,F,Athletics,1,0,0,1
NASAR Karlos May,Bulgaria,M,Weightlifting,1,0,0,1
NOVIKOV Semen Sergeevich,Bulgaria,M,Wrestling,1,0,0,1
RAMAZANOV Magomed Eldarovitch,Bulgaria,M,Wrestling,1,0,0,1
BLAKE Jerome,Canada,M,Athletics,1,0,0,1
BROWN Aaron,Canada,M,Athletics,1,0,0,1
De GRASSE Andre,Canada,M,Athletics,1,0,0,1
DEGUCHI Christa,Canada,F,Judo,1,0,0,1
KATZBERG Ethan,Canada,M,Athletics,1,0,0,1
PHIL WIZARD,Canada,M,Breaking,1,0,0,1
RODNEY Brendon,Canada,M,Athletics,1,0,0,1
ROGERS Camryn,Canada,F,Athletics,1,0,0,1
CROVETTO CHADID Francisca,Chile,F,Shooting,1,0,0,1
CAO Yuan,China,M,Diving,1,0,0,1
CHANG Hao,China,F,Artistic Swimming,1,0,0,1
CHANG Yuan,China,F,Boxing,1,0,0,1
CHEN Qing Chen,China,F,Badminton,1,0,0,1
CHENG Wentao,China,F,Artistic Swimming,1,0,0,1
DENG Yawen,China,F,Cycling BMX Freestyle,1,0,0,1
DING Xinyi,China,F,Rhythmic Gymnastics,1,0,0,1
FENG Yu,China,F,Artistic Swimming,1,0,0,1
GUO Qiqi,China,F,Rhythmic Gymnastics,1,0,0,1
HAO Ting,China,F,Rhythmic Gymnastics,1,0,0,1
HOU Zhihui,China,F,Weightlifting,1,0,0,1
HUANG Ya Qiong,China,F,Badminton,1,0,0,1
HUANG Zhangjiayang,China,F,Rhythmic Gymnastics,1,0,0,1
JI Bowen,China,M,Canoe Sprint,1,0,0,1
JIA Yi Fan,China,F,Badminton,1,0,0,1
LI Fabin,China,M,Weightlifting,1,0,0,1
LI Qian,China,F,Boxing,1,0,0,1
LI Wenwen,China,F,Weightlifting,1,0,0,1
LI Yuehong,China,M,Shooting,1,0,0,1
LIAN Junjie,China,M,Diving,1,0,0,1
LIU Hao,China,M,Canoe Sprint,1,0,0,1
LIU Huanhua,China,M,Weightlifting,1,0,0,1
LIU Yukun,China,M,Shooting,1,0,0,1
LONG Daoyi,China,M,Diving,1,0,0,1
LUO Shifang,China,F,Weightlifting,1,0,0,1
MA Long,China,M,Table Tennis,1,0,0,1
SUN Jiajun,China,M,Swimming,1,0,0,1
SUN Mengya,China,F,Canoe Sprint,1,0,0,1
WANG Changhao,China,M,Swimming,1,0,0,1
WANG Ciyue,China,F,Artistic Swimming,1,0,0,1
WANG Lanjing,China,F,Rhythmic Gymnastics,1,0,0,1
WANG Manyu,China,F,Table Tennis,1,0,0,1
WU Yu,China,F,Boxing,1,0,0,1
XIANG Binxuan,China,F,Artistic Swimming,1,0,0,1
XIAO Yanning,China,F,Artistic Swimming,1,0,0,1
XIE Siyi,China,M,Diving,1,0,0,1
XIE Yu,China,M,Shooting,1,0,0,1
XU Shixiao,China,F,Canoe Sprint,1,0,0,1
YANG Hao,China,M,Diving,1,0,0,1
YANG Jiayu,China,F,Athletics,1,0,0,1
ZHANG Yayi,China,F,Artistic Swimming,1,0,0,1
ZHENG Qinwen,China,F,Tennis,1,0,0,1
ZHENG Si Wei,China,M,Badminton,1,0,0,1
MATIC Barbara,Croatia,F,Judo,1,0,0,1
SINKOVIC Martin,Croatia,M,Rowing,1,0,0,1
SINKOVIC Valent,Croatia,M,Rowing,1,0,0,1
ALVAREZ BORGES Erislandy,Cuba,M,Boxing,1,0,0,1
LOPEZ NUNEZ Mijain,Cuba,M,Wrestling,1,0,0,1
DOSTAL Josef,Czechia,M,Canoe Sprint,1,0,0,1
FUKSA Martin,Czechia,M,Canoe Sprint,1,0,0,1
MACHAC Tomas,Czechia,M,Tennis,1,0,0,1
SINIAKOVA Katerina,Czechia,F,Tennis,1,0,0,1
ANDERSSON Lasse,Denmark,M,Handball,1,0,0,1
ARNOLDSEN Thomas,Denmark,M,Handball,1,0,0,1
AXELSEN Viktor,Denmark,M,Badminton,1,0,0,1
GIDSEL Mathias,Denmark,M,Handball,1,0,0,1
HALD Simon,Denmark,M,Handball,1,0,0,1
HANSEN Mikkel,Denmark,M,Handball,1,0,0,1
JACOBSEN Magnus Landin,Denmark,M,Handball,1,0,0,1
JACOBSEN Niklas Landin,Denmark,M,Handball,1,0,0,1
JAKOBSEN Emil,Denmark,M,Handball,1,0,0,1
JOERGENSEN Lukas,Denmark,M,Handball,1,0,0,1
KIRKELOEKKE Niclas,Denmark,M,Handball,1,0,0,1
LAUGE Rasmus,Denmark,M,Handball,1,0,0,1
LINDBERG Hans,Denmark,M,Handball,1,0,0,1
MOELLGAARD Henrik,Denmark,M,Handball,1,0,0,1
NIELSEN Emil,Denmark,M,Handball,1,0,0,1
PYTLICK Simon,Denmark,M,Handball,1,0,0,1
SAUGSTRUP Magnus,Denmark,M,Handball,1,0,0,1
LAFOND Thea,Dominica,F,Athletics,1,0,0,1
PAULINO Marileidy,Dominican Republic,F,Athletics,1,0,0,1
ELGENDY Ahmed,Egypt,M,Modern Pentathlon,1,0,0,1
BAENA Alex,Spain,M,Football,1,0,0,1
BARRIOS Pablo,Spain,M,Football,1,0,0,1
BERNABE Adrian,Spain,M,Football,1,0,0,1
BOTIN le CHEVER Diego,Spain,M,Sailing,1,0,0,1
CAMELLO Sergio,Spain,M,Football,1,0,0,1
CAMUS Paula,Spain,F,Water Polo,1,0,0,1
CRESPI BARRIGA Paula,Spain,F,Water Polo,1,0,0,1
CUBARSI Pau,Spain,M,Football,1,0,0,1
DIAZ FORTUN Jordan Alejandro,Spain,M,Athletics,1,0,0,1
ESPAR LLAQUET Anni,Spain,F,Water Polo,1,0,0,1
ESTER RAMOS Laura,Spain,F,Water Polo,1,0,0,1
FORCA ARIZA Judith,Spain,F,Water Polo,1,0,0,1
GARCIA Eric,Spain,M,Football,1,0,0,1
GARCIA GODOY Maica,Spain,F,Water Polo,1,0,0,1
GARCIA Joan,Spain,M,Football,1,0,0,1
GOMEZ Sergio,Spain,M,Football,1,0,0,1
GUTIERREZ Miguel,Spain,M,Football,1,0,0,1
ITURBE Alejandro,Spain,M,Football,1,0,0,1
LEITON ARRONES Paula,Spain,F,Water Polo,1,0,0,1
LOPEZ Diego,Spain,M,Football,1,0,0,1
LOPEZ Fermin,Spain,M,Football,1,0,0,1
MIRANDA Juan,Spain,M,Football,1,0,0,1
MOSQUERA Cristhian,Spain,M,Football,1,0,0,1
OMORODION Samu,Spain,M,Football,1,0,0,1
OROZ Aimar,Spain,M,Football,1,0,0,1
ORTIZ Bea,Spain,F,Water Polo,1,0,0,1
PACHECO Jon,Spain,M,Football,1,0,0,1
PENA Pili,Spain,F,Water Polo,1,0,0,1
PEREZ VIVAS Nona,Spain,F,Water Polo,1,0,0,1
PIRALKOVA COELLO Isabel,Spain,F,Water Polo,1,0,0,1
PUBILL Marc,Spain,M,Football,1,0,0,1
RUIZ Abel,Spain,M,Football,1,0,0,1
RUIZ BARRIL Elena,Spain,F,Water Polo,1,0,0,1
SANCHEZ Juanlu,Spain,M,Football,1,0,0,1
TENAS Arnau,Spain,M,Football,1,0,0,1
TERRE Martina,Spain,F,Water Polo,1,0,0,1
TRITTEL PAUL Florian,Spain,M,Sailing,1,0,0,1
TURRIENTES Benat,Spain,M,Football,1,0,0,1
TOLA Tamirat,Ethiopia,M,Athletics,1,0,0,1
APITHY-BRUNET Manon,France,F,Fencing,1,0,0,1
BARRAQUE Jean Pascal,France,M,Rugby Sevens,1,0,0,1
BEAUGRAND Cassandre,France,F,Triathlon,1,0,0,1
BRIZARD Antoine,France,M,Volleyball,1,0,0,1
CHINENYEZE Barthelemy,France,M,Volleyball,1,0,0,1
CLEVENOT Trevor,France,M,Volleyball,1,0,0,1
DAUDET Joris,France,M,Cycling BMX Racing,1,0,0,1
DIESSE Aurelien,France,M,Judo,1,0,0,1
DJALO Alpha Oumar,France,M,Judo,1,0,0,1
DUPONT Antoine,France,M,Rugby Sevens,1,0,0,1
EPEE Nelson,France,M,Rugby Sevens,1,0,0,1
FAURE Theo,France,M,Volleyball,1,0,0,1
FERRAND PREVOT Pauline,France,F,Cycling Mountain Bike,1,0,0,1
FORNER Theo,France,M,Rugby Sevens,1,0,0,1
GAHIE Marie Eve,France,F,Judo,1,0,0,1
GESTIN Nicolas,France,M,Canoe Slalom,1,0,0,1
GRANDIDIER NKANANG Aaron,France,M,Rugby Sevens,1,0,0,1
GREBENNIKOV Jenia,France,M,Volleyball,1,0,0,1
JOSEPH Jefferson-Lee,France,M,Rugby Sevens,1,0,0,1
JOUFFROY Quentin,France,M,Volleyball,1,0,0,1
KHYAR Walide,France,M,Judo,1,0,0,1
LAURIN Althea,France,F,Taekwondo,1,0,0,1
le GOFF Nicolas,France,M,Volleyball,1,0,0,1
LOUATI Yacine,France,M,Volleyball,1,0,0,1
MALONGA Madeleine,France,F,Judo,1,0,0,1
NGAPETH Earvin,France,M,Volleyball,1,0,0,1
PAREZ EDO MARTIN Stephen,France,M,Rugby Sevens,1,0,0,1
PASQUET Varian,France,M,Rugby Sevens,1,0,0,1
PATRY Jean,France,M,Volleyball,1,0,0,1
REBBADJ Rayan,France,M,Rugby Sevens,1,0,0,1
RIVA Paulin,France,M,Rugby Sevens,1,0,0,1
SEPHO Jordan,France,M,Rugby Sevens,1,0,0,1
THOMAS Benjamin,France,M,Cycling Track,1,0,0,1
TILLIE Kevin,France,M,Volleyball,1,0,0,1
TIMO Andy,France,M,Rugby Sevens,1,0,0,1
TONIUTTI Benjamin,France,M,Volleyball,1,0,0,1
VAAST Kauli,France,M,Surfing,1,0,0,1
ZEGHDAR Antoine,France,M,Rugby Sevens,1,0,0,1
ALDRIDGE Eleanor,Great Britain,F,Sailing,1,0,0,1
ANDERSON Lola,Great Britain,F,Rowing,1,0,0,1
BIRD Kieran,Great Britain,M,Swimming,1,0,0,1
BOLDING Morgan,Great Britain,M,Rowing,1,0,0,1
BRASH Scott,Great Britain,M,Equestrian,1,0,0,1
BRAYSHAW Georgina,Great Britain,F,Rowing,1,0,0,1
BRIGHTMORE Harry,Great Britain,M,Rowing,1,0,0,1
CANTER Rosalind,Great Britain,F,Equestrian,1,0,0,1
CAPEWELL Sophie,Great Britain,F,Cycling Track,1,0,0,1
CARNEGIE Sholto,Great Britain,M,Rowing,1,0,0,1
CHARLES Harry,Great Britain,M,Equestrian,1,0,0,1
CRAIG Emily,Great Britain,F,Rowing,1,0,0,1
DAWSON Jacob,Great Britain,M,Rowing,1,0,0,1
DEAN Tom,Great Britain,M,Swimming,1,0,0,1
DIGBY Tom,Great Britain,M,Rowing,1,0,0,1
ELWES Charles,Great Britain,M,Rowing,1,0,0,1
FORD Tom,Great Britain,M,Rowing,1,0,0,1
GIBBS Rory,Great Britain,M,Rowing,1,0,0,1
GRANT Imogen,Great Britain,F,Rowing,1,0,0,1
GUY James,Great Britain,M,Swimming,1,0,0,1
HALES Nathan,Great Britain,M,Shooting,1,0,0,1
HENRY Lauren,Great Britain,F,Rowing,1,0,0,1
HODGKINSON Keely,Great Britain,F,Athletics,1,0,0,1
MAHER Ben,Great Britain,M,Equestrian,1,0,0,1
MARCHANT Katy,Great Britain,F,Cycling Track,1,0,0,1
McEWEN Tom,Great Britain,M,Equestrian,1,0,0,1
McMILLAN Jack,Great Britain,M,Swimming,1,0,0,1
PAGE Bryony,Great Britain,F,Trampoline Gymnastics,1,0,0,1
PIDCOCK Thomas,Great Britain,M,Cycling Mountain Bike,1,0,0,1
ROBERTS Toby,Great Britain,M,Sport Climbing,1,0,0,1
RUDKIN James,Great Britain,M,Rowing,1,0,0,1
SCOTT Hannah,Great Britain,F,Rowing,1,0,0,1
BEKAURI Lasha,Georgia,M,Judo,1,0,0,1
PETRIASHVILI Geno,Georgia,M,Wrestling,1,0,0,1
TALAKHADZE Lasha,Georgia,M,Weightlifting,1,0,0,1
BRUNCKHORST Svenja,Germany,F,3x3 Basketball,1,0,0,1
GREINACHER Sonja,Germany,F,3x3 Basketball,1,0,0,1
HELLWIG Tim,Germany,M,Triathlon,1,0,0,1
JUNG Michael,Germany,M,Equestrian,1,0,0,1
KUKUK Christian,Germany,M,Equestrian,1,0,0,1
LIEBSCHER-LUCZ Tom,Germany,M,Canoe Sprint,1,0,0,1
LINDEMANN Laura,Germany,F,Triathlon,1,0,0,1
LUEHRS Lasse,Germany,M,Triathlon,1,0,0,1
MAERTENS Lukas,Germany,M,Swimming,1,0,0,1
MEVIUS Elisa,Germany,F,3x3 Basketball,1,0,0,1
OGUNLEYE Yemisi,Germany,F,Athletics,1,0,0,1
REICHERT Marie,Germany,F,3x3 Basketball,1,0,0,1
RENDSCHMIDT Max,Germany,M,Canoe Sprint,1,0,0,1
TERTSCH Lisa,Germany,F,Triathlon,1,0,0,1
VARFOLOMEEV Darja,Germany,F,Rhythmic Gymnastics,1,0,0,1
WANDRES Frederic,Germany,M,Equestrian,1,0,0,1
ZEIDLER Oliver,Germany,M,Rowing,1,0,0,1
TENTOGLOU Miltiadis,Greece,M,Athletics,1,0,0,1
RUANO OLIVA Adriana,Guatemala,F,Shooting,1,0,0,1
CHEUNG Ka Long,"Hong Kong, China",M,Fencing,1,0,0,1
KONG Man Wai Vivian,"Hong Kong, China",F,Fencing,1,0,0,1
ANDRASFI Tibor,Hungary,M,Fencing,1,0,0,1
GULYAS Michelle,Hungary,F,Modern Pentathlon,1,0,0,1
KOCH Mate Tamas,Hungary,M,Fencing,1,0,0,1
KOS Hubert,Hungary,M,Swimming,1,0,0,1
MARTON Viviana,Hungary,F,Taekwondo,1,0,0,1
NAGY David,Hungary,M,Fencing,1,0,0,1
RASOVSZKY Kristof,Hungary,M,Marathon Swimming,1,0,0,1
SIKLOSI Gergely,Hungary,M,Fencing,1,0,0,1
JUNIANSYAH Rizki,Indonesia,M,Weightlifting,1,0,0,1
LEONARDO Veddriq,Indonesia,M,Sport Climbing,1,0,0,1
ESMAEILI LEIVESI Saeid,IR Iran,M,Wrestling,1,0,0,1
SALIMI Arian,IR Iran,M,Taekwondo,1,0,0,1
SARAVI Mohammadhadi,IR Iran,M,Wrestling,1,0,0,1
HARRINGTON Kellie,Ireland,F,Boxing,1,0,0,1
Mc CARTHY Fintan,Ireland,M,Rowing,1,0,0,1
Mc CLENAGHAN Rhys,Ireland,M,Artistic Gymnastics,1,0,0,1
O DONOVAN Paul,Ireland,M,Rowing,1,0,0,1
REUVENY Tom,Israel,M,Sailing,1,0,0,1
ANTROPOVA Ekaterina,Italy,F,Volleyball,1,0,0,1
BACOSI Diana,Italy,F,Shooting,1,0,0,1
BANTI Caterina Marianna,Italy,F,Sailing,1,0,0,1
BELLANDI Alice,Italy,F,Judo,1,0,0,1
BOSETTI Caterina Chiara,Italy,F,Volleyball,1,0,0,1
CAMBI Carlotta,Italy,F,Volleyball,1,0,0,1
CONSONNI Chiara,Italy,F,Cycling Track,1,0,0,1
DANESI Anna,Italy,F,Volleyball,1,0,0,1
de GENNARO Giovanni,Italy,M,Canoe Slalom,1,0,0,1
de GENNARO Monica,Italy,F,Volleyball,1,0,0,1
EGONU Paola Ogechi,Italy,F,Volleyball,1,0,0,1
ERRANI Sara,Italy,F,Tennis,1,0,0,1
FAHR Sarah Luisa,Italy,F,Volleyball,1,0,0,1
FIAMINGO Rossella,Italy,F,Fencing,1,0,0,1
GIOVANNINI Gaia,Italy,F,Volleyball,1,0,0,1
GUAZZINI Vittoria,Italy,F,Cycling Track,1,0,0,1
LUBIAN Marina,Italy,F,Volleyball,1,0,0,1
MAGGETTI Marta,Italy,F,Sailing,1,0,0,1
MARTINENGHI Nicolo,Italy,M,Swimming,1,0,0,1
NAVARRIA Mara,Italy,F,Fencing,1,0,0,1
OMORUYI Oghosasere Loveth,Italy,F,Volleyball,1,0,0,1
ORRO Alessia,Italy,F,Volleyball,1,0,0,1
PAOLINI Jasmine,Italy,F,Tennis,1,0,0,1
RIZZI Giulia,Italy,F,Fencing,1,0,0,1
ROSSETTI Gabriele,Italy,M,Shooting,1,0,0,1
SANTUCCIO Alberta,Italy,F,Fencing,1,0,0,1
SPIRITO Ilaria,Italy,F,Volleyball,1,0,0,1
SYLLA Myriam Fatime,Italy,F,Volleyball,1,0,0,1
TITA Ruggero,Italy,M,Sailing,1,0,0,1
STONA Roje,Jamaica,M,Athletics,1,0,0,1
AMI,Japan,F,Breaking,1,0,0,1
FUJINAMI Akari,Japan,F,Wrestling,1,0,0,1
FUMITA Kenichiro,Japan,M,Wrestling,1,0,0,1
HASHIMOTO Daiki,Japan,M,Artistic Gymnastics,1,0,0,1
HIGUCHI Rei,Japan,M,Wrestling,1,0,0,1
HORIGOME Yuto,Japan,M,Skateboarding,1,0,0,1
IIMURA Kazuki,Japan,M,Fencing,1,0,0,1
KAGAMI Yuka,Japan,F,Wrestling,1,0,0,1
KAYA Kazuma,Japan,M,Artistic Gymnastics,1,0,0,1
KITAGUCHI Haruka,Japan,F,Athletics,1,0,0,1
KIYOOKA Kotaro,Japan,M,Wrestling,1,0,0,1
KUSAKA Nao,Japan,M,Wrestling,1,0,0,1
MATSUYAMA Kyosuke,Japan,M,Fencing,1,0,0,1
MOTOKI Sakura,Japan,F,Wrestling,1,0,0,1
NAGANO Yudai,Japan,M,Fencing,1,0,0,1
SAKURAI Tsugumi,Japan,F,Wrestling,1,0,0,1
SHIKINE Takahiro,Japan,M,Fencing,1,0,0,1
SUGINO Takaaki,Japan,M,Artistic Gymnastics,1,0,0,1
TANIGAWA Wataru,Japan,M,Artistic Gymnastics,1,0,0,1
YOSHIZAWA Coco,Japan,F,Skateboarding,1,0,0,1
SMETOV Yeldos,Kazakhstan,M,Judo,1,0,0,1
WANYONYI Emmanuel,Kenya,M,Athletics,1,0,0,1
AN Se Young,Korea,F,Badminton,1,0,0,1
BAN Hyojin,Korea,F,Shooting,1,0,0,1
DO Gyeongdong,Korea,M,Fencing,1,0,0,1
GU Bongil,Korea,M,Fencing,1,0,0,1
JEON Hunyoung,Korea,F,Archery,1,0,0,1
KIM Je Deok,Korea,M,Archery,1,0,0,1
KIM Yujin,Korea,F,Taekwondo,1,0,0,1
OH Ye Jin,Korea,F,Shooting,1,0,0,1
PARK Sangwon,Korea,M,Fencing,1,0,0,1
PARK Taejoon,Korea,M,Taekwondo,1,0,0,1
YANG Jiin,Korea,F,Shooting,1,0,0,1
EL BAKKALI Soufiane,Morocco,M,Athletics,1,0,0,1
ALBERS Felice,Netherlands,F,Hockey,1,0,0,1
BALK Lars,Netherlands,M,Hockey,1,0,0,1
BIJEN Koen,Netherlands,M,Hockey,1,0,0,1
BLAAK Pirmin,Netherlands,M,Hockey,1,0,0,1
BLOK Justen,Netherlands,M,Hockey,1,0,0,1
BOONSTRA Benthe,Netherlands,F,Rowing,1,0,0,1
BOUWMEESTER Marit,Netherlands,F,Sailing,1,0,0,1
BRINKMAN Thierry,Netherlands,M,Hockey,1,0,0,1
BURG Joosje,Netherlands,F,Hockey,1,0,0,1
CLEVERING Ymkje,Netherlands,F,Rowing,1,0,0,1
CROON Jorrit Jan Willem,Netherlands,M,Hockey,1,0,0,1
de GEUS Jonas,Netherlands,M,Hockey,1,0,0,1
de JONG Worthy,Netherlands,M,3x3 Basketball,1,0,0,1
de MOL Joep,Netherlands,M,Hockey,1,0,0,1
de VILDER Derck,Netherlands,M,Hockey,1,0,0,1
de WAARD Xan,Netherlands,F,Hockey,1,0,0,1
DICKE Pien,Netherlands,F,Hockey,1,0,0,1
DRENTH Hermijntje,Netherlands,F,Rowing,1,0,0,1
DRIESSEN Jan,Netherlands,M,3x3 Basketball,1,0,0,1
DUETZ Annette,Netherlands,F,Sailing,1,0,0,1
FLORIJN Finn,Netherlands,M,Rowing,1,0,0,1
FLORIJN Karolien,Netherlands,F,Rowing,1,0,0,1
FOKKE Luna Noa,Netherlands,F,Hockey,1,0,0,1
HOEDEMAKERS Tjep,Netherlands,M,Hockey,1,0,0,1
HOOGLAND Jeffrey,Netherlands,M,Cycling Track,1,0,0,1
JANSEN Yibbi,Netherlands,F,Hockey,1,0,0,1
JANSSEN Jip,Netherlands,M,Hockey,1,0,0,1
JOCHEMS Marleen,Netherlands,F,Hockey,1,0,0,1
KLEIN IKKINK Isaya,Netherlands,M,Athletics,1,0,0,1
KOOLEN Sanne,Netherlands,F,Hockey,1,0,0,1
MATLA Frederique,Netherlands,F,Hockey,1,0,0,1
MEESTER Veronique,Netherlands,F,Rowing,1,0,0,1
METSEMAKERS Koen,Netherlands,M,Rowing,1,0,0,1
MIDDENDORP Floris,Netherlands,M,Hockey,1,0,0,1
MOES Freeke,Netherlands,F,Hockey,1,0,0,1
NUNNINK Laura,Netherlands,F,Hockey,1,0,0,1
OFFEREINS Tinka,Netherlands,F,Rowing,1,0,0,1
OLDENBURG Marloes,Netherlands,F,Rowing,1,0,0,1
OMALLA Eugene,Netherlands,M,Athletics,1,0,0,1
POST Lisa,Netherlands,F,Hockey,1,0,0,1
REYENGA Tijmen,Netherlands,M,Hockey,1,0,0,1
SANDERS Pien,Netherlands,F,Hockey,1,0,0,1
SLAGTER Arvin,Netherlands,M,3x3 Basketball,1,0,0,1
TELGENKAMP Duco,Netherlands,M,Hockey,1,0,0,1
van AANHOLT Odile,Netherlands,F,Sailing,1,0,0,1
van ASS Seve,Netherlands,M,Hockey,1,0,0,1
van DAM Thijs,Netherlands,M,Hockey,1,0,0,1
van den BERG Roy,Netherlands,M,Cycling Track,1,0,0,1
van der HORST Dimeo,Netherlands,M,3x3 Basketball,1,0,0,1
van HEIJNINGEN Steijn,Netherlands,M,Hockey,1,0,0,1
van LAARHOVEN Renee,Netherlands,F,Hockey,1,0,0,1
van LIEROP Lennart,Netherlands,M,Rowing,1,0,0,1
van ROUWENDAAL Sharon,Netherlands,F,Marathon Swimming,1,0,0,1
VEEN Marijn,Netherlands,F,Hockey,1,0,0,1
VEENENDAAL Anne,Netherlands,F,Hockey,1,0,0,1
VERSCHOOR Maria,Netherlands,F,Hockey,1,0,0,1
WIETEN Tone,Netherlands,M,Rowing,1,0,0,1
WORTELBOER Floris,Netherlands,M,Hockey,1,0,0,1
AARDAHL Maren,Norway,F,Handball,1,0,0,1
BRATTSET DALE Kari,Norway,F,Handball,1,0,0,1
BREISTOEL Kristine,Norway,F,Handball,1,0,0,1
HERREM Camilla,Norway,F,Handball,1,0,0,1
INGEBRIGTSEN Jakob,Norway,M,Athletics,1,0,0,1
INGSTAD Vilde,Norway,F,Handball,1,0,0,1
JACOBSEN Marit,Norway,F,Handball,1,0,0,1
KOANDA Solfrid Eila Amena,Norway,F,Weightlifting,1,0,0,1
KRISTIANSEN Veronica,Norway,F,Handball,1,0,0,1
LUNDE Katrine,Norway,F,Handball,1,0,0,1
MOERK Nora,Norway,F,Handball,1,0,0,1
OFTEDAL Stine Bredal,Norway,F,Handball,1,0,0,1
REISTAD Henny,Norway,F,Handball,1,0,0,1
ROOTH Markus,Norway,M,Athletics,1,0,0,1
RUSHFELDT DEILA Thale,Norway,F,Handball,1,0,0,1
SKOGRAND Stine,Norway,F,Handball,1,0,0,1
SOLBERG-ISAKSEN Sanna,Norway,F,Handball,1,0,0,1
SOLBERG-OESTHASSEL Silje,Norway,F,Handball,1,0,0,1
BLYDE Michaela,New Zealand,F,Rugby Sevens,1,0,0,1
BRETT Olivia,New Zealand,F,Canoe Sprint,1,0,0,1
BUTCHER Finn,New Zealand,M,Canoe Slalom,1,0,0,1
FELIX-HOTHAM Jazmin,New Zealand,F,Rugby Sevens,1,0,0,1
FRANCIS Brooke,New Zealand,F,Rowing,1,0,0,1
HIRINI Sarah,New Zealand,F,Rugby Sevens,1,0,0,1
KERR Hamish,New Zealand,M,Athletics,1,0,0,1
KING Tyla,New Zealand,F,Rugby Sevens,1,0,0,1
KO Lydia,New Zealand,F,Golf,1,0,0,1
MILLER Jorja,New Zealand,F,Rugby Sevens,1,0,0,1
NUKU Manaia,New Zealand,F,Rugby Sevens,1,0,0,1
PAUL Mahina,New Zealand,F,Rugby Sevens,1,0,0,1
POURI-LANE Risi,New Zealand,F,Rugby Sevens,1,0,0,1
SAILI Alena,New Zealand,F,Rugby Sevens,1,0,0,1
SETEFANO Theresa,New Zealand,F,Rugby Sevens,1,0,0,1
SPOORS Lucy,New Zealand,F,Rowing,1,0,0,1
VAUGHAN Tara,New Zealand,F,Canoe Sprint,1,0,0,1
WAAKA Stacey,New Zealand,F,Rugby Sevens,1,0,0,1
WOODMAN-WICKLIFFE Portia,New Zealand,F,Rugby Sevens,1,0,0,1
NADEEM Arshad,Pakistan,M,Athletics,1,0,0,1
MIROSLAW Aleksandra,Poland,F,Sport Climbing,1,0,0,1
OLIVEIRA Rui,Portugal,M,Cycling Track,1,0,0,1
ADAM Adriana,Romania,F,Rowing,1,0,0,1
BERES Amalia,Romania,F,Rowing,1,0,0,1
CORNEA Andrei Sebastian,Romania,M,Rowing,1,0,0,1
ENACHE Marian Florian,Romania,M,Rowing,1,0,0,1
LEHACI Maria,Romania,F,Rowing,1,0,0,1
PETREANU Victoria Stefania,Romania,F,Rowing,1,0,0,1
RUSU Maria Magdalena,Romania,F,Rowing,1,0,0,1
GARNBRET Janja,Slovenia,F,Sport Climbing,1,0,0,1
LESKI Andreja,Slovenia,F,Judo,1,0,0,1
ARUNOVIC Zorana,Serbia,F,Shooting,1,0,0,1
CUK Milos,Serbia,M,Water Polo,1,0,0,1
DEDOVIC Nikola,Serbia,M,Water Polo,1,0,0,1
DJOKOVIC Novak,Serbia,M,Tennis,1,0,0,1
DRASOVIC Radomir,Serbia,M,Water Polo,1,0,0,1
FILIPOVIC Radoslav,Serbia,M,Water Polo,1,0,0,1
JAKSIC Nikola,Serbia,M,Water Polo,1,0,0,1
JAKSIC Petar,Serbia,M,Water Polo,1,0,0,1
MANDIC Dusan,Serbia,M,Water Polo,1,0,0,1
MIKEC Damir,Serbia,M,Shooting,1,0,0,1
MISOVIC Vladimir,Serbia,M,Water Polo,1,0,0,1
RANDELOVIC Sava,Serbia,M,Water Polo,1,0,0,1
RASOVIC Strahinja,Serbia,M,Water Polo,1,0,0,1
RASOVIC Viktor,Serbia,M,Water Polo,1,0,0,1
UBOVIC Nemanja,Serbia,M,Water Polo,1,0,0,1
VICO Nemanja,Serbia,M,Water Polo,1,0,0,1
LEONE Chiara,Switzerland,F,Shooting,1,0,0,1
AHMAN David,Sweden,M,Beach Volleyball,1,0,0,1
DUPLANTIS Armand,Sweden,M,Athletics,1,0,0,1
HELLVIG Jonatan,Sweden,M,Beach Volleyball,1,0,0,1
WONGPATTANAKIT Panipak,Thailand,F,Taekwondo,1,0,0,1
LEE Yang,Chinese Taipei,M,Badminton,1,0,0,1
LIN Yu Ting,Chinese Taipei,F,Boxing,1,0,0,1
WANG Chi-Lin,Chinese Taipei,M,Badminton,1,0,0,1
KATOUSSI Firas,Tunisia,M,Taekwondo,1,0,0,1
CHEPTEGEI Joshua,Uganda,M,Athletics,1,0,0,1
BAKASTOVA Yuliia,Ukraine,F,Fencing,1,0,0,1
KHYZHNIAK Oleksandr,Ukraine,M,Boxing,1,0,0,1
KOMASHCHUK Alina,Ukraine,F,Fencing,1,0,0,1
KRAVATSKA Olena,Ukraine,F,Fencing,1,0,0,1
MAHUCHIKH Yaroslava,Ukraine,F,Athletics,1,0,0,1
ADEBAYO Bam,United States,M,Basketball,1,0,0,1
ALBERT Korbin,United States,F,Football,1,0,0,1
ALLMAN Valarie,United States,F,Athletics,1,0,0,1
BAILEY Christopher,United States,M,Athletics,1,0,0,1
BEST Justin,United States,M,Rowing,1,0,0,1
BETHUNE Croix,United States,F,Football,1,0,0,1
BOOKER Devin,United States,M,Basketball,1,0,0,1
BUTLER Aaliyah,United States,F,Athletics,1,0,0,1
CHILES Jordan,United States,F,Artistic Gymnastics,1,0,0,1
COFFEY Samantha,United States,F,Football,1,0,0,1
COLLIER Napheesa,United States,F,Basketball,1,0,0,1
COPPER Kahleah,United States,F,Basketball,1,0,0,1
CORRIGAN Liam,United States,M,Rowing,1,0,0,1
CROUSER Ryan,United States,M,Athletics,1,0,0,1
CURRY Stephen,United States,M,Basketball,1,0,0,1
DAVIDSON Tierna,United States,F,Football,1,0,0,1
DAVIS Anthony,United States,M,Basketball,1,0,0,1
DAVIS-WOODHALL Tara,United States,F,Athletics,1,0,0,1
DUBROVICH Jacqueline,United States,F,Fencing,1,0,0,1
DUNN Crystal,United States,F,Football,1,0,0,1
DURANT Kevin,United States,M,Basketball,1,0,0,1
EDWARDS Anthony,United States,M,Basketball,1,0,0,1
ELOR Amit,United States,F,Wrestling,1,0,0,1
EMBIID Joel,United States,M,Basketball,1,0,0,1
FOX Emily,United States,F,Football,1,0,0,1
GIRMA Naomi,United States,F,Football,1,0,0,1
GRADY Michael,United States,M,Rowing,1,0,0,1
GRAY Chelsea,United States,F,Basketball,1,0,0,1
GRINER Brittney,United States,F,Basketball,1,0,0,1
HALIBURTON Tyrese,United States,M,Basketball,1,0,0,1
HALL Quincy,United States,M,Athletics,1,0,0,1
HAYES Quanera,United States,F,Athletics,1,0,0,1
HELD Ryan,United States,M,Swimming,1,0,0,1
HILDEBRANDT Sarah Ann,United States,F,Wrestling,1,0,0,1
HOCKER Cole,United States,M,Athletics,1,0,0,1
HOLIDAY Jrue,United States,M,Basketball,1,0,0,1
HOLLOWAY Grant,United States,M,Athletics,1,0,0,1
HOLMES Alexis,United States,F,Athletics,1,0,0,1
HORAN Lindsey,United States,F,Football,1,0,0,1
IONESCU Sabrina,United States,F,Basketball,1,0,0,1
JAMES LeBron,United States,M,Basketball,1,0,0,1
KING Lilly,United States,F,Swimming,1,0,0,1
KING Matt,United States,M,Swimming,1,0,0,1
KRUEGER Casey,United States,F,Football,1,0,0,1
LAVELLE Rose,United States,F,Football,1,0,0,1
LOYD Jewell,United States,F,Basketball,1,0,0,1
MARKS Caroline,United States,F,Surfing,1,0,0,1
MEAD Nick,United States,M,Rowing,1,0,0,1
MURPHY Casey,United States,F,Football,1,0,0,1
NAEHER Alyssa,United States,F,Football,1,0,0,1
NIGHSWONGER Jenna,United States,F,Football,1,0,0,1
PLUM Kelsey,United States,F,Basketball,1,0,0,1
REEVES Olivia,United States,F,Weightlifting,1,0,0,1
RIVERA Hezly,United States,F,Artistic Gymnastics,1,0,0,1
RODMAN Trinity,United States,F,Football,1,0,0,1
RUSSELL Masai,United States,F,Athletics,1,0,0,1
SAMS Emily,United States,F,Football,1,0,0,1
SCHEFFLER Scottie,United States,M,Golf,1,0,0,1
SHAW Jaedyn,United States,F,Football,1,0,0,1
SMITH Sophia,United States,F,Football,1,0,0,1
SONNETT Emily,United States,F,Football,1,0,0,1
STEWART Breanna,United States,F,Basketball,1,0,0,1
SWANSON Mallory,United States,F,Football,1,0,0,1
TATUM Jayson,United States,M,Basketball,1,0,0,1
TAURASI Diana,United States,F,Basketball,1,0,0,1
TERRY Twanisha,United States,F,Athletics,1,0,0,1
THOMAS Alyssa,United States,F,Basketball,1,0,0,1
WEBER Emma,United States,F,Swimming,1,0,0,1
WEINTRAUB Maia Mei,United States,F,Fencing,1,0,0,1
WHITE Derrick,United States,M,Basketball,1,0,0,1
WILLIAMS Lily,United States,F,Cycling Track,1,0,0,1
WILLIAMS Lynn,United States,F,Football,1,0,0,1
WILSON A'ja,United States,F,Basketball,1,0,0,1
WILSON Quincy,United States,M,Athletics,1,0,0,1
YOUNG Jackie,United States,F,Basketball,1,0,0,1
DUSMATOV Hasanboy,Uzbekistan,M,Boxing,1,0,0,1
JALOLOV Bakhodir,Uzbekistan,M,Boxing,1,0,0,1
JAMALOV Razambek Salambekovitch,Uzbekistan,M,Wrestling,1,0,0,1
KELDIYOROVA Diyora,Uzbekistan,F,Judo,1,0,0,1
KHALOKOV Abdumalik,Uzbekistan,M,Boxing,1,0,0,1
MULLOJONOV Lazizbek,Uzbekistan,M,Boxing,1,0,0,1
MUYDINKHUJAEV Asadkhuja,Uzbekistan,M,Boxing,1,0,0,1
RASHITOV Ulugbek,Uzbekistan,M,Taekwondo,1,0,0,1
ANDREEVA Mirra,AIN,F,Tennis,0,1,0,1
BARDZILOUSKAYA Viyaleta,AIN,F,Trampoline Gymnastics,0,1,0,1
SHNAIDER Diana,AIN,F,Tennis,0,1,0,1
ZALATY Yauheni,AIN,M,Rowing,0,1,0,1
BOSCO Eugenia,Argentina,F,Sailing,0,1,0,1
MAJDALANI Mateo,Argentina,M,Sailing,0,1,0,1
ALEKSANYAN Artur,Armenia,M,Wrestling,0,1,0,1
DAVTYAN Artur,Armenia,M,Artistic Gymnastics,0,1,0,1
LALAYAN Varazdat,Armenia,M,Weightlifting,0,1,0,1
ANDREWS Abby,Australia,F,Water Polo,0,1,0,1
ANDREWS Charlize,Australia,F,Water Polo,0,1,0,1
ARANCINI Zoe,Australia,F,Water Polo,0,1,0,1
ARMIT Elle,Australia,F,Water Polo,0,1,0,1
BURTON Christopher,Australia,M,Equestrian,0,1,0,1
CARTWRIGHT Jack,Australia,M,Swimming,0,1,0,1
COLLINS Jackson,Australia,M,Canoe Sprint,0,1,0,1
FITZSIMMONS Riley,Australia,M,Canoe Sprint,0,1,0,1
GOFERS Keesja,Australia,F,Water Polo,0,1,0,1
GREEN Sienna,Australia,F,Water Polo,0,1,0,1
HALLIGAN Bronte,Australia,F,Water Polo,0,1,0,1
HAVARD Noah,Australia,M,Canoe Sprint,0,1,0,1
HEARN Sienna,Australia,F,Water Polo,0,1,0,1
HULL Jessica,Australia,F,Athletics,0,1,0,1
JACKOVICH Danijela,Australia,F,Water Polo,0,1,0,1
JOHNSON Moesha,Australia,F,Marathon Swimming,0,1,0,1
KEARNS Tilly,Australia,F,Water Polo,0,1,0,1
KEENEY Maddison,Australia,F,Diving,0,1,0,1
LONGMAN Genevieve,Australia,F,Water Polo,0,1,0,1
MORRIS Grae,Australia,M,Sailing,0,1,0,1
OLYSLAGERS Nicola,Australia,F,Athletics,0,1,0,1
PALM Gabriella,Australia,F,Water Polo,0,1,0,1
PERKINS Alexandria,Australia,F,Swimming,0,1,0,1
RAMSAY Ella,Australia,F,Swimming,0,1,0,1
ROBINSON Jack,Australia,M,Surfing,0,1,0,1
STRAUCH Jenna,Australia,F,Swimming,0,1,0,1
van der WESTHUYZEN Pierre,Australia,M,Canoe Sprint,0,1,0,1
WILLIAMS Alice,Australia,F,Water Polo,0,1,0,1
YANG William,Australia,M,Swimming,0,1,0,1
ALFONSO DOMINGUEZ Loren Berto,Azerbaijan,M,Boxing,0,1,0,1
MAGOMEDOV Gashim,Azerbaijan,M,Taekwondo,0,1,0,1
ABDI Bashir,Belgium,M,Athletics,0,1,0,1
KEBINATSHIPI Busang Collen,Botswana,M,Athletics,0,1,0,1
NDORI Bayapo,Botswana,M,Athletics,0,1,0,1
PESELA Anthony,Botswana,M,Athletics,0,1,0,1
ADRIANA,Brazil,F,Football,0,1,0,1
ANA VITORIA,Brazil,F,Football,0,1,0,1
ANGELINA,Brazil,F,Football,0,1,0,1
ANTONIA,Brazil,F,Football,0,1,0,1
BONFIM Caio,Brazil,M,Athletics,0,1,0,1
DUDA SAMPAIO,Brazil,F,Football,0,1,0,1
GABI NUNES,Brazil,F,Football,0,1,0,1
GABI PORTILHO,Brazil,F,Football,0,1,0,1
JHENIFFER,Brazil,F,Football,0,1,0,1
KEROLIN,Brazil,F,Football,0,1,0,1
LAUREN,Brazil,F,Football,0,1,0,1
LORENA,Brazil,F,Football,0,1,0,1
LUCIANA,Brazil,F,Football,0,1,0,1
LUDMILA,Brazil,F,Football,0,1,0,1
MARTA,Brazil,F,Football,0,1,0,1
PRISCILA,Brazil,F,Football,0,1,0,1
QUEIROZ Isaquias,Brazil,M,Canoe Sprint,0,1,0,1
RAFAELLE,Brazil,F,Football,0,1,0,1
TAINA,Brazil,F,Football,0,1,0,1
TAMIRES,Brazil,F,Football,0,1,0,1
TARCIANE,Brazil,F,Football,0,1,0,1
THAIS,Brazil,F,Football,0,1,0,1
VITORIA YAYA,Brazil,F,Football,0,1,0,1
WESTON-WEBB Tatiana,Brazil,F,Surfing,0,1,0,1
YASMIM,Brazil,F,Football,0,1,0,1
NASER Salwa Eid,Bahrain,F,Athletics,0,1,0,1
KALEYN Boryana,Bulgaria,F,Rhythmic Gymnastics,0,1,0,1
APPS Olivia,Canada,F,Rugby Sevens,0,1,0,1
AROP Marco,Canada,M,Athletics,0,1,0,1
BERMUDEZ Fancy,Canada,F,Rugby Sevens,0,1,0,1
CHARRON Maude,Canada,F,Weightlifting,0,1,0,1
CORRIGAN Alysha,Canada,F,Rugby Sevens,0,1,0,1
CROSSLEY Caroline,Canada,F,Rugby Sevens,0,1,0,1
DANIELS Chloe,Canada,F,Rugby Sevens,0,1,0,1
DENT Abby,Canada,F,Rowing,0,1,0,1
FILMER Caileigh,Canada,F,Rowing,0,1,0,1
GRUCHALLA-WESIERSKI Kasia,Canada,F,Rowing,0,1,0,1
HOGAN-ROCHESTER Asia,Canada,F,Rugby Sevens,0,1,0,1
HUMANA-PAREDES Melissa,Canada,F,Beach Volleyball,0,1,0,1
KIT Kristen,Canada,F,Rowing,0,1,0,1
LIENDO Josh,Canada,M,Swimming,0,1,0,1
LOGAN Piper,Canada,F,Rugby Sevens,0,1,0,1
MESCHKULEIT Maya,Canada,F,Rowing,0,1,0,1
NORSTEN Carissa,Canada,F,Rugby Sevens,0,1,0,1
PAYNE Sydney,Canada,F,Rowing,0,1,0,1
PERRY Taylor,Canada,F,Rugby Sevens,0,1,0,1
SCURFIELD Krissy,Canada,F,Rugby Sevens,0,1,0,1
SEVICK Jessica,Canada,F,Rowing,0,1,0,1
SYMONDS Florence,Canada,F,Rugby Sevens,0,1,0,1
VALENZUELA Shalaya,Canada,F,Rugby Sevens,0,1,0,1
WALKER Kristina,Canada,F,Rowing,0,1,0,1
WARDLEY Keyara,Canada,F,Rugby Sevens,0,1,0,1
WASTENEYS Avalon,Canada,F,Rowing,0,1,0,1
WILKERSON Brandie,Canada,F,Beach Volleyball,0,1,0,1
WILLIAMS Charity,Canada,F,Rugby Sevens,0,1,0,1
ACOSTA FERNANDEZ Yasmani,Chile,M,Wrestling,0,1,0,1
AN Qixuan,China,F,Archery,0,1,0,1
CAO Liguo,China,M,Wrestling,0,1,0,1
CHEN Yang,China,F,Hockey,0,1,0,1
CHEN Yi,China,F,Hockey,0,1,0,1
DAN Wen,China,F,Hockey,0,1,0,1
DENG Lijuan,China,F,Sport Climbing,0,1,0,1
FAN Yunxia,China,F,Hockey,0,1,0,1
FENG Bin,China,F,Athletics,0,1,0,1
GU Bingfeng,China,F,Hockey,0,1,0,1
GUO Qing,China,F,Taekwondo,0,1,0,1
HE Bing Jiao,China,F,Badminton,0,1,0,1
HE Jiangxin,China,F,Hockey,0,1,0,1
LI Hong,China,F,Hockey,0,1,0,1
LI Jiaman,China,F,Archery,0,1,0,1
LIANG Wei Keng,China,M,Badminton,0,1,0,1
LIU Sheng Shu,China,F,Badminton,0,1,0,1
MA Ning,China,F,Hockey,0,1,0,1
OU Zixia,China,F,Hockey,0,1,0,1
QI Ying,China,M,Shooting,0,1,0,1
QIU Qiyuan,China,F,Artistic Gymnastics,0,1,0,1
SU Weide,China,M,Artistic Gymnastics,0,1,0,1
TAN Jinzhuang,China,F,Hockey,0,1,0,1
TAN Ning,China,F,Badminton,0,1,0,1
WANG Chang,China,M,Badminton,0,1,0,1
WANG Xinyu,China,F,Tennis,0,1,0,1
WANG Zisai,China,M,Trampoline Gymnastics,0,1,0,1
WU Peng,China,M,Sport Climbing,0,1,0,1
XU Wenyu,China,F,Hockey,0,1,0,1
YANG Liu,China,F,Hockey,0,1,0,1
YANG Liu,China,F,Boxing,0,1,0,1
YANG Wenlu,China,F,Boxing,0,1,0,1
YANG Xiaolei,China,F,Archery,0,1,0,1
YE Jiao,China,F,Hockey,0,1,0,1
YU Anhui,China,F,Hockey,0,1,0,1
ZHANG Ying,China,F,Hockey,0,1,0,1
ZHANG Zhizhen,China,M,Tennis,0,1,0,1
ZHONG Jiaqi,China,F,Hockey,0,1,0,1
ZHOU Yaqin,China,F,Artistic Gymnastics,0,1,0,1
ZOU Meirong,China,F,Hockey,0,1,0,1
BARAJAS Angel,Colombia,M,Artistic Gymnastics,0,1,0,1
LOPEZ Yeison,Colombia,M,Weightlifting,0,1,0,1
SANCHEZ Mari Leivis,Colombia,F,Weightlifting,0,1,0,1
BIJAC Marko,Croatia,M,Water Polo,0,1,0,1
BILJAKA Matias,Croatia,M,Water Polo,0,1,0,1
BUKIC Luka,Croatia,M,Water Polo,0,1,0,1
BURIC Rino,Croatia,M,Water Polo,0,1,0,1
FATOVIC Loren,Croatia,M,Water Polo,0,1,0,1
JOKOVIC Maro,Croatia,M,Water Polo,0,1,0,1
KHARKOV Konstantin,Croatia,M,Water Polo,0,1,0,1
LONCAR Luka,Croatia,M,Water Polo,0,1,0,1
MARINIC KRAGIC Jerko,Croatia,M,Water Polo,0,1,0,1
POPADIC Toni,Croatia,M,Water Polo,0,1,0,1
VEKIC Donna,Croatia,F,Tennis,0,1,0,1
VRLIC Josip,Croatia,M,Water Polo,0,1,0,1
VUKICEVIC Ante,Croatia,M,Water Polo,0,1,0,1
ZUVELA Marko,Croatia,M,Water Polo,0,1,0,1
GUZMAN LOPEZ Yusneylis,Cuba,F,Wrestling,0,1,0,1
KONTIDES Pavlos,Cyprus,M,Sailing,0,1,0,1
BACHMANN ANDERSEN Daniel,Denmark,M,Equestrian,0,1,0,1
LAUDRUP-DUFOUR Cathrine,Denmark,F,Equestrian,0,1,0,1
RINDOM Anne-Marie,Denmark,F,Sailing,0,1,0,1
SKODBORG MERRALD Nanna,Denmark,F,Equestrian,0,1,0,1
MOREJON Glenda,Ecuador,F,Athletics,0,1,0,1
YEPEZ GUZMAN Lucia Yamileth,Ecuador,F,Wrestling,0,1,0,1
AHMED Sara,Egypt,F,Weightlifting,0,1,0,1
ALCARAZ Carlos,Spain,M,Tennis,0,1,0,1
ALONSO Gracia,Spain,F,3x3 Basketball,0,1,0,1
CAMILION Juana,Spain,F,3x3 Basketball,0,1,0,1
GHADFA DRISSI EL AISSAOUI Ayoub,Spain,M,Boxing,0,1,0,1
GIMENO Vega,Spain,F,3x3 Basketball,0,1,0,1
YGUERAVIDE Sandra,Spain,F,3x3 Basketball,0,1,0,1
AREGAWI Berihu,Ethiopia,M,Athletics,0,1,0,1
ASSEFA Tigst,Ethiopia,F,Athletics,0,1,0,1
DUGUMA Tsige,Ethiopia,F,Athletics,0,1,0,1
BALEIWAIRIKI Iosefo,Fiji,M,Rugby Sevens,0,1,0,1
JOSAIA Raisuqe,Fiji,M,Rugby Sevens,0,1,0,1
LOGANIMASI Ponipate,Fiji,M,Rugby Sevens,0,1,0,1
MATANA Jeremaia,Fiji,M,Rugby Sevens,0,1,0,1
MOCENACAGI Sevuloni,Fiji,M,Rugby Sevens,0,1,0,1
NACUQU Waisea,Fiji,M,Rugby Sevens,0,1,0,1
NASOVA Joji,Fiji,M,Rugby Sevens,0,1,0,1
RASAKU Kaminieli,Fiji,M,Rugby Sevens,0,1,0,1
RAVUTAUMADA Selesitino,Fiji,M,Rugby Sevens,0,1,0,1
SAUTURAGA Filipe,Fiji,M,Rugby Sevens,0,1,0,1
TALACOLO Joseva,Fiji,M,Rugby Sevens,0,1,0,1
TEBA Iowane,Fiji,M,Rugby Sevens,0,1,0,1
TUWAI Jerry,Fiji,M,Rugby Sevens,0,1,0,1
VEILAWA Terio Tamani,Fiji,M,Rugby Sevens,0,1,0,1
ADDIS Baptiste,France,M,Archery,0,1,0,1
AKLIOUCHE Maghnes,France,M,Football,0,1,0,1
ALBICY Andrew,France,M,Basketball,0,1,0,1
ANDRE Sylvain,France,M,Cycling BMX Racing,0,1,0,1
AYAYI Valeriane,France,F,Basketball,0,1,0,1
BADE Loic,France,M,Football,0,1,0,1
BADIANE Marieme,France,F,Basketball,0,1,0,1
BALZER Sara,France,F,Fencing,0,1,0,1
BATUM Nicolas,France,M,Basketball,0,1,0,1
BENNAMA Billal,France,M,Boxing,0,1,0,1
BERNIES Romane,France,F,Basketball,0,1,0,1
BOREL Yannick,France,M,Fencing,0,1,0,1
BOUKTIT Sarah,France,F,Handball,0,1,0,1
CANDASSAMY Marie-Florence,France,F,Fencing,0,1,0,1
CASTRYCK Titouan,France,M,Canoe Slalom,0,1,0,1
CHERKI Rayan,France,M,Football,0,1,0,1
CHERY Alexia,France,F,Basketball,0,1,0,1
CHIRAULT Thomas,France,M,Archery,0,1,0,1
CHOTARD Joris,France,M,Football,0,1,0,1
CLOUVEL Elodie,France,F,Modern Pentathlon,0,1,0,1
CORDINIER Isaia,France,M,Basketball,0,1,0,1
COULIBALY Bilal,France,M,Basketball,0,1,0,1
DANY DANN,France,M,Breaking,0,1,0,1
DARLEUX MINGAM Cleopatre,France,F,Handball,0,1,0,1
de COLO Nando,France,M,Basketball,0,1,0,1
DIOUF Andy,France,M,Football,0,1,0,1
DOUE Desire,France,M,Football,0,1,0,1
DUSSOULIER Lucas,France,M,3x3 Basketball,0,1,0,1
FAUTHOUX Marine,France,F,Basketball,0,1,0,1
FLIPPES Laura,France,F,Handball,0,1,0,1
FOPPA Pauletta,France,F,Handball,0,1,0,1
FOURNIER Evan,France,M,Basketball,0,1,0,1
GLAUSER Laura,France,F,Handball,0,1,0,1
GOBERT Rudy,France,M,Basketball,0,1,0,1
GRANDVEAU Lena,France,F,Handball,0,1,0,1
GRANIER Lucie,France,F,Handball,0,1,0,1
HORACEK Tamara,France,F,Handball,0,1,0,1
HUG Angele,France,F,Canoe Slalom,0,1,0,1
JEDRZEJEWSKI Camille,France,F,Shooting,0,1,0,1
JOHANNES Marine,France,F,Basketball,0,1,0,1
KALIMUENDO Arnaud,France,M,Football,0,1,0,1
KANOR Orlane,France,F,Handball,0,1,0,1
KIRPICHNIKOVA Anastasiia,France,F,Swimming,0,1,0,1
KONE Manu,France,M,Football,0,1,0,1
KORETZKY Victor,France,M,Cycling Mountain Bike,0,1,0,1
LACAN Leila,France,F,Basketball,0,1,0,1
LACAZETTE Alexandre,France,M,Football,0,1,0,1
LAGHOUAG Karim Florent,France,M,Equestrian,0,1,0,1
LANDOIS Stephane,France,M,Equestrian,0,1,0,1
LASSOURCE Coralie,France,F,Handball,0,1,0,1
LEPENANT Johann,France,M,Football,0,1,0,1
LESSORT Mathias,France,M,Basketball,0,1,0,1
LOCKO Bradley,France,M,Football,0,1,0,1
LOUIS-MARIE Alexandra,France,F,Fencing,0,1,0,1
LUKEBA Castello,France,M,Football,0,1,0,1
MADOUAS Valentin,France,M,Cycling Road,0,1,0,1
MAGASSA Soungoutou,France,M,Football,0,1,0,1
MALONGA Dominique,France,F,Basketball,0,1,0,1
MATETA Jean-Philippe,France,M,Football,0,1,0,1
MATSIMA Chrislain,France,M,Football,0,1,0,1
MICHEL BOURY Sarah,France,F,Basketball,0,1,0,1
MILLOT Enzo,France,M,Football,0,1,0,1
NKAMBADIO Obed,France,M,Football,0,1,0,1
NOCANDY Meline,France,F,Handball,0,1,0,1
NOLOT Lauriane,France,F,Sailing,0,1,0,1
NTILIKINA Frank,France,M,Basketball,0,1,0,1
NZE MINKO Estelle,France,F,Handball,0,1,0,1
OLISE Michael,France,M,Football,0,1,0,1
ONDONO Onacia,France,F,Handball,0,1,0,1
OUMIHA Sofiane,France,M,Boxing,0,1,0,1
RAMBAUT Jules,France,M,3x3 Basketball,0,1,0,1
RESTES Guillaume,France,M,Football,0,1,0,1
RUPERT Iliana,France,F,Basketball,0,1,0,1
SAKO Hatadou,France,F,Handball,0,1,0,1
SALAUN Janelle,France,F,Basketball,0,1,0,1
SAMBA-MAYELA Cyrena,France,F,Athletics,0,1,0,1
SEGUELA Franck,France,M,3x3 Basketball,0,1,0,1
SILDILLIA Kiliann,France,M,Football,0,1,0,1
STRAZEL Matthew,France,M,Basketball,0,1,0,1
TOUBLANC Alicia,France,F,Handball,0,1,0,1
TOUZAINT Nicolas,France,M,Equestrian,0,1,0,1
TRUFFERT Adrien,France,M,Football,0,1,0,1
VALENTINI Chloe,France,F,Handball,0,1,0,1
VALLADONT Jean-Charles,France,M,Archery,0,1,0,1
VERGIAT Timothe,France,M,3x3 Basketball,0,1,0,1
VITALIS Coraline,France,F,Fencing,0,1,0,1
WEMBANYAMA Victor,France,M,Basketball,0,1,0,1
WILLIAMS Gabby,France,F,Basketball,0,1,0,1
YABUSELE Guerschon,France,M,Basketball,0,1,0,1
ZAADI DEUNA Grace,France,F,Handball,0,1,0,1
ASHER-SMITH Dina,Great Britain,F,Athletics,0,1,0,1
BIGHAM Daniel,Great Britain,M,Cycling Track,0,1,0,1
BOOTH Esme,Great Britain,F,Rowing,0,1,0,1
BURGESS Adam,Great Britain,M,Canoe Slalom,0,1,0,1
CLARKE Joseph,Great Britain,M,Canoe Slalom,0,1,0,1
CUNNINGHAM Caden,Great Britain,M,Taekwondo,0,1,0,1
DALEY Thomas,Great Britain,M,Diving,0,1,0,1
EVANS Neah,Great Britain,F,Cycling Track,0,1,0,1
FLEETWOOD Tommy,Great Britain,M,Golf,0,1,0,1
GEORGE Tom,Great Britain,M,Rowing,0,1,0,1
GLOVER Helen,Great Britain,F,Rowing,0,1,0,1
HAYTER Ethan,Great Britain,M,Cycling Track,0,1,0,1
HENDERSON Anna,Great Britain,F,Cycling Road,0,1,0,1
HENRY Desiree,Great Britain,F,Athletics,0,1,0,1
HUNT Amy,Great Britain,F,Athletics,0,1,0,1
JOHNSON-THOMPSON Katarina,Great Britain,F,Athletics,0,1,0,1
KERR Josh,Great Britain,M,Athletics,0,1,0,1
LANSIQUOT Imani,Great Britain,F,Athletics,0,1,0,1
LOWE Ed,Great Britain,M,Cycling Track,0,1,0,1
NEITA Daryll,Great Britain,F,Athletics,0,1,0,1
PEATY Adam,Great Britain,M,Swimming,0,1,0,1
PROUD Benjamin,Great Britain,M,Swimming,0,1,0,1
REDGRAVE Sam,Great Britain,F,Rowing,0,1,0,1
REILLY Kieran Darren David,Great Britain,M,Cycling BMX Freestyle,0,1,0,1
RUTTER Amber Jo,Great Britain,F,Shooting,0,1,0,1
SHORTEN Rebecca,Great Britain,F,Rowing,0,1,0,1
SHORTMAN Kate,Great Britain,F,Artistic Swimming,0,1,0,1
TANFIELD Charlie,Great Britain,M,Cycling Track,0,1,0,1
THORPE Isabelle,Great Britain,F,Artistic Swimming,0,1,0,1
TURNBULL Hamish,Great Britain,M,Cycling Track,0,1,0,1
VERNON Ethan,Great Britain,M,Cycling Track,0,1,0,1
WILLIAMS Bianca,Great Britain,F,Athletics,0,1,0,1
WOOD Oliver,Great Britain,M,Cycling Track,0,1,0,1
WYNNE-GRIFFITH Oliver,Great Britain,M,Rowing,0,1,0,1
GRIGALASHVILI Tato,Georgia,M,Judo,0,1,0,1
MATCHARASHVILI Givi,Georgia,M,Wrestling,0,1,0,1
SULAMANIDZE Ilia,Georgia,M,Judo,0,1,0,1
BRUESSLER Sarah,Germany,F,Canoe Sprint,0,1,0,1
BUTKEREIT Miriam,Germany,F,Judo,0,1,0,1
DAHMKE Rune,Germany,M,Handball,0,1,0,1
DANNEBERG Jean-Paul,Germany,M,Hockey,0,1,0,1
EHLERS Nils,Germany,M,Beach Volleyball,0,1,0,1
FISCHER Justus,Germany,M,Handball,0,1,0,1
GOLLA Johannes,Germany,M,Handball,0,1,0,1
GRAMBUSCH Mats,Germany,M,Hockey,0,1,0,1
GRAMBUSCH Tom,Germany,M,Hockey,0,1,0,1
GRGIC Marko,Germany,M,Handball,0,1,0,1
GROSSE Johannes,Germany,M,Hockey,0,1,0,1
HAEFNER Kai,Germany,M,Handball,0,1,0,1
HELLWIG Malte,Germany,M,Hockey,0,1,0,1
HENSELEIT Esther,Germany,F,Golf,0,1,0,1
HEYMANN Sebastian,Germany,M,Handball,0,1,0,1
HINRICHS Teo,Germany,M,Hockey,0,1,0,1
HORNKE Tim,Germany,M,Handball,0,1,0,1
JAGSCH Pauline,Germany,F,Canoe Sprint,0,1,0,1
KAUFMANN Paul-Philipp,Germany,M,Hockey,0,1,0,1
KLEMET Oliver,Germany,M,Marathon Swimming,0,1,0,1
KNORR Juri,Germany,M,Handball,0,1,0,1
KOESTER Julian,Germany,M,Handball,0,1,0,1
KOHLBACHER Jannik,Germany,M,Handball,0,1,0,1
KROPPEN Michelle,Germany,F,Archery,0,1,0,1
LILIK Elena,Germany,F,Canoe Slalom,0,1,0,1
LUDWIG Moritz,Germany,M,Hockey,0,1,0,1
MERTENS Lukas,Germany,M,Handball,0,1,0,1
MIHAMBO Malaika,Germany,F,Athletics,0,1,0,1
MILTKAU Marco,Germany,M,Hockey,0,1,0,1
MUELLER Hannes,Germany,M,Hockey,0,1,0,1
MUELLER Mathias,Germany,M,Hockey,0,1,0,1
NEUGEBAUER Leo,Germany,M,Athletics,0,1,0,1
PEILLAT Gonzalo,Germany,M,Hockey,0,1,0,1
PRINZ Thies,Germany,M,Hockey,0,1,0,1
RUEHR Christopher,Germany,M,Hockey,0,1,0,1
SPAETH David,Germany,M,Handball,0,1,0,1
STEINERT Christoph,Germany,M,Handball,0,1,0,1
UNRUH Florian,Germany,M,Archery,0,1,0,1
USCINS Renars,Germany,M,Handball,0,1,0,1
WEIGAND Justus,Germany,M,Hockey,0,1,0,1
WELLEN Niklas,Germany,M,Hockey,0,1,0,1
WICKLER Clemens,Germany,M,Beach Volleyball,0,1,0,1
WINDFEDER Lukas,Germany,M,Hockey,0,1,0,1
WITZKE Luca,Germany,M,Handball,0,1,0,1
WOLFF Andreas,Germany,M,Handball,0,1,0,1
ZWICKER Martin,Germany,M,Hockey,0,1,0,1
CHRISTOU Apostolos,Greece,M,Swimming,0,1,0,1
GEMESI Csanad,Hungary,M,Fencing,0,1,0,1
HALASZ Bence,Hungary,M,Athletics,0,1,0,1
NADAS Bence,Hungary,M,Canoe Sprint,0,1,0,1
RABB Krisztian,Hungary,M,Fencing,0,1,0,1
SZATMARI Andras,Hungary,M,Fencing,0,1,0,1
SZILAGYI Aron,Hungary,M,Fencing,0,1,0,1
TOTKA Sandor,Hungary,M,Canoe Sprint,0,1,0,1
VARGA Adam,Hungary,M,Canoe Sprint,0,1,0,1
CHOPRA Neeraj,India,M,Athletics,0,1,0,1
AMOUZADKHALILI Rahman,IR Iran,M,Wrestling,0,1,0,1
BARKHORDARI Mehran,IR Iran,M,Taekwondo,0,1,0,1
KIYANICHANDEH Nahid,IR Iran,F,Taekwondo,0,1,0,1
MOHMADIPIANI Alireza,IR Iran,M,Wrestling,0,1,0,1
YAZDANICHARATI Hassan,IR Iran,M,Wrestling,0,1,0,1
ZARE Amir Hossein,IR Iran,M,Wrestling,0,1,0,1
BAKANOV Shani,Israel,F,Rhythmic Gymnastics,0,1,0,1
DOLGOPYAT Artem,Israel,M,Artistic Gymnastics,0,1,0,1
FRIEDMANN Adar,Israel,F,Rhythmic Gymnastics,0,1,0,1
HERSHKO Raz,Israel,F,Judo,0,1,0,1
KANTOR Sharon,Israel,F,Sailing,0,1,0,1
LANIR Inbar,Israel,F,Judo,0,1,0,1
PARITZKI Romi,Israel,F,Rhythmic Gymnastics,0,1,0,1
SHAHAM Ofir,Israel,F,Rhythmic Gymnastics,0,1,0,1
SVERTSOV Diana,Israel,F,Rhythmic Gymnastics,0,1,0,1
ANDREOLI Angela,Italy,F,Artistic Gymnastics,0,1,0,1
BATTOCLETTI Nadia,Italy,F,Athletics,0,1,0,1
BIANCHI Guillaume,Italy,M,Fencing,0,1,0,1
CASADEI Gabriele,Italy,M,Canoe Sprint,0,1,0,1
CHIUMENTO Luca,Italy,M,Rowing,0,1,0,1
ERRIGO Arianna,Italy,F,Fencing,0,1,0,1
FAVARETTO Martina,Italy,F,Fencing,0,1,0,1
FOCONI Alessio,Italy,M,Fencing,0,1,0,1
GENTILI Giacomo,Italy,M,Rowing,0,1,0,1
IORIO Elisa,Italy,F,Artistic Gymnastics,0,1,0,1
MALDINI Federico Nilo,Italy,M,Shooting,0,1,0,1
MARINI Tommaso,Italy,M,Fencing,0,1,0,1
OPPO Stefano,Italy,M,Rowing,0,1,0,1
PALUMBO Francesca,Italy,F,Fencing,0,1,0,1
PANIZZA Andrea,Italy,M,Rowing,0,1,0,1
RAMBALDI Luca,Italy,M,Rowing,0,1,0,1
SOARES Gabriel,Italy,M,Rowing,0,1,0,1
STANCO Silvana Maria,Italy,F,Shooting,0,1,0,1
TACCHINI Carlo,Italy,M,Canoe Sprint,0,1,0,1
VILLA Giorgia,Italy,F,Artistic Gymnastics,0,1,0,1
VIVIANI Elia,Italy,M,Cycling Track,0,1,0,1
VOLPI Alice,Italy,F,Fencing,0,1,0,1
PINNOCK Wayne,Jamaica,M,Athletics,0,1,0,1
RICKETTS Shanieka,Jamaica,F,Athletics,0,1,0,1
THOMPSON Kishane,Jamaica,M,Athletics,0,1,0,1
KAREEM Zaid,Jordan,M,Taekwondo,0,1,0,1
ABE Uta,Japan,F,Judo,0,1,0,1
AKAMA Liz,Japan,F,Skateboarding,0,1,0,1
ANRAKU Sorato,Japan,M,Sport Climbing,0,1,0,1
HARIMOTO Miwa,Japan,F,Table Tennis,0,1,0,1
HIRAKI Cocona,Japan,F,Skateboarding,0,1,0,1
HIRANO Miu,Japan,F,Table Tennis,0,1,0,1
KOMATA Akira,Japan,M,Fencing,0,1,0,1
MATSUSHITA Tomoyuki,Japan,M,Swimming,0,1,0,1
MINOBE Kazuyasu,Japan,M,Fencing,0,1,0,1
NIIZOE Saki,Japan,F,Judo,0,1,0,1
OKADA Keiju,Japan,M,Sailing,0,1,0,1
SAITO Tatsuru,Japan,M,Judo,0,1,0,1
SATO Taishu,Japan,M,Modern Pentathlon,0,1,0,1
SONE Akira,Japan,F,Judo,0,1,0,1
TAKAICHI Miku,Japan,F,Judo,0,1,0,1
TAKATANI Daichi,Japan,M,Wrestling,0,1,0,1
TAKAYAMA Rika,Japan,F,Judo,0,1,0,1
TAMAI Rikuto,Japan,M,Diving,0,1,0,1
WOLF Aaron,Japan,M,Judo,0,1,0,1
YAMADA Masaru,Japan,M,Fencing,0,1,0,1
YOSHIOKA Miho,Japan,F,Sailing,0,1,0,1
KURBANOV Nariman,Kazakhstan,M,Artistic Gymnastics,0,1,0,1
ORALBAY Nurbek,Kazakhstan,M,Boxing,0,1,0,1
ZHADRAYEV Demeu,Kazakhstan,M,Wrestling,0,1,0,1
KWEMOI Ronald,Kenya,M,Athletics,0,1,0,1
SEIITBEK UULU Munarbek,Kyrgyzstan,M,Boxing,0,1,0,1
ZHUMANAZAROVA Meerim,Kyrgyzstan,F,Wrestling,0,1,0,1
CHO Yeongjae,Korea,M,Shooting,0,1,0,1
CHOI Sebin,Korea,F,Fencing,0,1,0,1
JEON Eunhye,Korea,F,Fencing,0,1,0,1
JEON Hayoung,Korea,F,Fencing,0,1,0,1
JEONG Na Eun,Korea,F,Badminton,0,1,0,1
KEUM Jihyeon,Korea,F,Shooting,0,1,0,1
KIM Won Ho,Korea,M,Badminton,0,1,0,1
KIM Yeji,Korea,F,Shooting,0,1,0,1
PARK Hajun,Korea,M,Shooting,0,1,0,1
PARK Hyejeong,Korea,F,Weightlifting,0,1,0,1
YOON Jisu,Korea,F,Fencing,0,1,0,1
KRASNIQI Distria,Kosovo,F,Judo,0,1,0,1
ALEKNA Mykolas,Lithuania,M,Athletics,0,1,0,1
NICKA,Lithuania,F,Breaking,0,1,0,1
NICHITA Anastasia,Republic of Moldova,F,Wrestling,0,1,0,1
AWITI ALCARAZ Prisca,Mexico,F,Judo,0,1,0,1
CELAYA HERNANDEZ Juan Manuel,Mexico,M,Diving,0,1,0,1
VERDE ALVAREZ Marco Alonso,Mexico,M,Boxing,0,1,0,1
BAVUUDORJ Baasankhuu,Mongolia,F,Judo,0,1,0,1
BROENINK Stef,Netherlands,M,Rowing,0,1,0,1
de GRAAF Sander,Netherlands,M,Rowing,0,1,0,1
de JONG Roos,Netherlands,F,Rowing,0,1,0,1
de WITTE Lisanne,Netherlands,F,Athletics,0,1,0,1
DULLEMANS Tessa,Netherlands,F,Rowing,0,1,0,1
FETTER Dieuwke,Netherlands,F,Rowing,0,1,0,1
KNAB Ruben,Netherlands,M,Rowing,0,1,0,1
MAKKER Mick,Netherlands,M,Rowing,0,1,0,1
MOLENAAR Olav,Netherlands,M,Rowing,0,1,0,1
PAULIS Bente,Netherlands,F,Rowing,0,1,0,1
RIENKS Ralf,Netherlands,M,Rowing,0,1,0,1
SAALBERG Eveline,Netherlands,F,Athletics,0,1,0,1
TWELLAAR Melvin,Netherlands,M,Rowing,0,1,0,1
van de KERKHOF Jacob,Netherlands,M,Rowing,0,1,0,1
van de WOUW Hetty,Netherlands,F,Cycling Track,0,1,0,1
van der BIJ Jan,Netherlands,M,Rowing,0,1,0,1
van der SCHOOT Myrte,Netherlands,F,Athletics,0,1,0,1
van DOORN Gert-Jan,Netherlands,M,Rowing,0,1,0,1
VEENSTRA Manon,Netherlands,F,Cycling BMX Racing,0,1,0,1
VOS Marianne,Netherlands,F,Cycling Road,0,1,0,1
YOUSSIFOU Laila,Netherlands,F,Rowing,0,1,0,1
WARHOLM Karsten,Norway,M,Athletics,0,1,0,1
BOTHA Bryony,New Zealand,F,Cycling Track,0,1,0,1
FULTON Shaane,New Zealand,F,Cycling Track,0,1,0,1
MACDONALD Matt,New Zealand,M,Rowing,0,1,0,1
MACLEAN Ollie,New Zealand,M,Rowing,0,1,0,1
McHARDIE Isaac,New Zealand,M,Sailing,0,1,0,1
McKENZIE William,New Zealand,M,Sailing,0,1,0,1
MURRAY Tom,New Zealand,M,Rowing,0,1,0,1
PETCH Rebecca,New Zealand,F,Cycling Track,0,1,0,1
SHEARMAN Emily,New Zealand,F,Cycling Track,0,1,0,1
SHIELDS Nicole,New Zealand,F,Cycling Track,0,1,0,1
TWIGG Emma,New Zealand,F,Rowing,0,1,0,1
ULLRICH Logan,New Zealand,M,Rowing,0,1,0,1
WESCHE Maddison-Lee,New Zealand,F,Athletics,0,1,0,1
WILDE Hayden,New Zealand,M,Triathlon,0,1,0,1
BYLON Atheyna Bibeichi,Panama,F,Boxing,0,1,0,1
BIENIEK Mateusz,Poland,M,Volleyball,0,1,0,1
BOLADZ Bartlomiej,Poland,M,Volleyball,0,1,0,1
FORNAL Tomasz,Poland,M,Volleyball,0,1,0,1
HUBER Norbert,Poland,M,Volleyball,0,1,0,1
JANUSZ Marcin,Poland,M,Volleyball,0,1,0,1
KACZMAREK Lukasz,Poland,M,Volleyball,0,1,0,1
KOCHANOWSKI Jakub,Poland,M,Volleyball,0,1,0,1
KUREK Bartosz,Poland,M,Volleyball,0,1,0,1
LEON VENERO Wilfredo,Poland,M,Volleyball,0,1,0,1
LOMACZ Grzegorz,Poland,M,Volleyball,0,1,0,1
PIKULIK Daria,Poland,F,Cycling Track,0,1,0,1
SEMENIUK Kamil,Poland,M,Volleyball,0,1,0,1
SLIWKA Aleksander,Poland,M,Volleyball,0,1,0,1
SZEREMETA Julia,Poland,F,Boxing,0,1,0,1
ZATORSKI Pawel,Poland,M,Volleyball,0,1,0,1
ZWOLINSKA Klaudia,Poland,F,Canoe Slalom,0,1,0,1
PICHARDO Pedro,Portugal,M,Athletics,0,1,0,1
JO Jin Mi,DPR Korea,F,Diving,0,1,0,1
KIM Kum Yong,DPR Korea,F,Table Tennis,0,1,0,1
RI Jong Sik,DPR Korea,M,Table Tennis,0,1,0,1
CAMBEI Mihaela Valentina,Romania,F,Weightlifting,0,1,0,1
COZMIUC Ionela Livia,Romania,F,Rowing,0,1,0,1
van GRONINGEN Gianina Elena,Romania,F,Rowing,0,1,0,1
MASWANGANYI Shaun,South Africa,M,Athletics,0,1,0,1
NKOANA Bradley,South Africa,M,Athletics,0,1,0,1
SIMBINE Akani,South Africa,M,Athletics,0,1,0,1
van DYK Jo-Ane,South Africa,F,Athletics,0,1,0,1
WALAZA Bayanda,South Africa,M,Athletics,0,1,0,1
VODISEK Toni,Slovenia,M,Sailing,0,1,0,1
PERISIC Aleksandra,Serbia,F,Taekwondo,0,1,0,1
DERRON Julie,Switzerland,F,Triathlon,0,1,0,1
GUERDAT Steve,Switzerland,M,Equestrian,0,1,0,1
BOBECK Vilma,Sweden,F,Sailing,0,1,0,1
KALLBERG Anton,Sweden,M,Table Tennis,0,1,0,1
KARLSSON Kristian,Sweden,M,Table Tennis,0,1,0,1
LINDGREN Victor,Sweden,M,Shooting,0,1,0,1
NETZLER Rebecca,Sweden,F,Sailing,0,1,0,1
SILACHAI Theerapong,Thailand,M,Weightlifting,0,1,0,1
VITIDSARN Kunlavut,Thailand,M,Badminton,0,1,0,1
WICHUMA Weeraphon,Thailand,M,Weightlifting,0,1,0,1
FERJANI Fares,Tunisia,M,Fencing,0,1,0,1
AKBAS Hatice,T√ºrkiye,F,Boxing,0,1,0,1
CAKIROGLU Buse Naz,T√ºrkiye,F,Boxing,0,1,0,1
DIKEC Yusuf,T√ºrkiye,M,Shooting,0,1,0,1
TARHAN Sevval Ilayda,T√ºrkiye,F,Shooting,0,1,0,1
CHEMUTAI Peruth,Uganda,F,Athletics,0,1,0,1
KOLIADENKO Iryna,Ukraine,F,Wrestling,0,1,0,1
KOVTUN Illia,Ukraine,M,Artistic Gymnastics,0,1,0,1
KULISH Serhiy,Ukraine,M,Shooting,0,1,0,1
LUZAN Liudmyla,Ukraine,F,Canoe Sprint,0,1,0,1
NASIBOV Parviz,Ukraine,M,Wrestling,0,1,0,1
RYBACHOK Anastasiia,Ukraine,F,Canoe Sprint,0,1,0,1
ALVAREZ Anita,United States,F,Artistic Swimming,0,1,0,1
BACON Sarah,United States,F,Diving,0,1,0,1
BATTEN Haley,United States,F,Cycling Mountain Bike,0,1,0,1
BEDNAREK Kenneth,United States,M,Athletics,0,1,0,1
BENEGAS Perris,United States,F,Cycling BMX Freestyle,0,1,0,1
BLADES Kennedy Alexis,United States,F,Wrestling,0,1,0,1
CARLINI Lauren,United States,F,Volleyball,0,1,0,1
COCKRELL Anna,United States,F,Athletics,0,1,0,1
CONNOLLY Erika,United States,F,Swimming,0,1,0,1
COOK Karl,United States,M,Equestrian,0,1,0,1
COOK Kassidy,United States,F,Diving,0,1,0,1
CURRY Brooks,United States,M,Swimming,0,1,0,1
CZARKOWSKI Jaime,United States,F,Artistic Swimming,0,1,0,1
DREWS Andrea,United States,F,Volleyball,0,1,0,1
EATON Jagger,United States,M,Skateboarding,0,1,0,1
ECHIKUNWOKE Annette Nneka,United States,F,Athletics,0,1,0,1
FIELD Megumi,United States,F,Artistic Swimming,0,1,0,1
GEMMELL Erin,United States,F,Swimming,0,1,0,1
GRIMES Katie,United States,F,Swimming,0,1,0,1
HANCOCK Micha,United States,F,Volleyball,0,1,0,1
HARRISON Nevin,United States,F,Canoe Sprint,0,1,0,1
HEILMAN Thomas,United States,M,Swimming,0,1,0,1
HUNTER Keana,United States,F,Artistic Swimming,0,1,0,1
KENDRICKS Sam,United States,M,Athletics,0,1,0,1
KIBLER Drew,United States,M,Swimming,0,1,0,1
KNIBB Taylor,United States,F,Triathlon,0,1,0,1
KOVACS Joe,United States,M,Athletics,0,1,0,1
KRAJICEK Austin,United States,M,Tennis,0,1,0,1
KRAUT Laura,United States,F,Equestrian,0,1,0,1
KWON Audrey,United States,F,Artistic Swimming,0,1,0,1
LARSON Jordan,United States,F,Volleyball,0,1,0,1
LEE Spencer Richard,United States,M,Wrestling,0,1,0,1
LIU Calista,United States,F,Artistic Swimming,0,1,0,1
LUU Jacklyn,United States,F,Artistic Swimming,0,1,0,1
MADDALENA Sagen,United States,F,Shooting,0,1,0,1
McEWEN Shelby,United States,M,Athletics,0,1,0,1
MOON Katie,United States,F,Athletics,0,1,0,1
OGBOGU Chiaka,United States,F,Volleyball,0,1,0,1
PEARSON Morgan,United States,M,Triathlon,0,1,0,1
PEPLOWSKI Anna,United States,F,Swimming,0,1,0,1
PIERONI Blake,United States,M,Swimming,0,1,0,1
PLUMMER Kathryn,United States,F,Volleyball,0,1,0,1
POULTER Jordyn,United States,F,Volleyball,0,1,0,1
PRINCE Conner Lynn,United States,M,Shooting,0,1,0,1
RABOUTOU Brooke,United States,F,Sport Climbing,0,1,0,1
RAM Rajeev,United States,M,Tennis,0,1,0,1
RAMIREZ Daniella,United States,F,Artistic Swimming,0,1,0,1
REMATI Ruby,United States,F,Artistic Swimming,0,1,0,1
RETTKE Dana,United States,F,Volleyball,0,1,0,1
RIDER Seth,United States,M,Triathlon,0,1,0,1
ROBERTS Daniel,United States,M,Athletics,0,1,0,1
ROBINSON Kelsey,United States,F,Volleyball,0,1,0,1
ROOKS Kenneth,United States,M,Athletics,0,1,0,1
SCHAAR Tom,United States,M,Skateboarding,0,1,0,1
SKINNER Avery,United States,F,Volleyball,0,1,0,1
SMITH Kieran,United States,M,Swimming,0,1,0,1
SPIVEY Taylor,United States,F,Triathlon,0,1,0,1
THOMPSON Jordan,United States,F,Volleyball,0,1,0,1
WARD McLain,United States,M,Equestrian,0,1,0,1
WASHINGTON Haleigh,United States,F,Volleyball,0,1,0,1
WEINSTEIN Claire,United States,F,Swimming,0,1,0,1
WONG-ORANTES Justine,United States,F,Volleyball,0,1,0,1
DJURAEV Akbar,Uzbekistan,M,Weightlifting,0,1,0,1
OSIPOVA Svetlana,Uzbekistan,F,Taekwondo,0,1,0,1
TSIKHANTSOU Yauheni,AIN,M,Weightlifting,0,0,1,1
DUDAEV Islam,Albania,M,Wrestling,0,0,1,1
VALIEV Chermen,Albania,M,Wrestling,0,0,1,1
SEDJATI Djamel,Algeria,M,Athletics,0,0,1,1
ALBERTARRIO Agustina,Argentina,F,Hockey,0,0,1,1
ALONSO Agostina,Argentina,F,Hockey,0,0,1,1
CAIRO Sofia,Argentina,F,Hockey,0,0,1,1
CAMPOY Maria,Argentina,F,Hockey,0,0,1,1
CASAS Lara,Argentina,F,Hockey,0,0,1,1
CASTELLARO MORELLO Juana,Argentina,F,Hockey,0,0,1,1
COSENTINO Cristina,Argentina,F,Hockey,0,0,1,1
DIAZ de ARMAS Zoe,Argentina,F,Hockey,0,0,1,1
GORZELANY Agustina,Argentina,F,Hockey,0,0,1,1
GRANATTO Maria,Argentina,F,Hockey,0,0,1,1
JANKUNAS Julieta,Argentina,F,Hockey,0,0,1,1
RAPOSO RUIZ de los LLANOS Valentina,Argentina,F,Hockey,0,0,1,1
SANCHEZ MOCCIA Rocio,Argentina,F,Hockey,0,0,1,1
SAUZE VALDEZ Victoria,Argentina,F,Hockey,0,0,1,1
TOCCALINO Sofia,Argentina,F,Hockey,0,0,1,1
TRINCHINETTI Eugenia,Argentina,F,Hockey,0,0,1,1
AMOYAN Malkhas,Armenia,M,Wrestling,0,0,1,1
ATWELL Amy,Australia,F,Basketball,0,0,1,1
BORLASE Isobel,Australia,F,Basketball,0,0,1,1
COWLEY Rhydian,Australia,M,Athletics,0,0,1,1
DENNY Matthew,Australia,M,Athletics,0,0,1,1
DIEHM Natalya,Australia,F,Cycling BMX Freestyle,0,0,1,1
GEORGE Cayla,Australia,F,Basketball,0,0,1,1
GIULIANI Maximillian,Australia,M,Swimming,0,0,1,1
GREEN Tom,Australia,M,Canoe Sprint,0,0,1,1
HOFFMAN Leigh,Australia,M,Cycling Track,0,0,1,1
INCERTI Zac,Australia,M,Swimming,0,0,1,1
JACKSON Lauren,Australia,F,Basketball,0,0,1,1
MADGEN Tess,Australia,F,Basketball,0,0,1,1
MAGBEGOR Ezi,Australia,F,Basketball,0,0,1,1
McINTYRE Annabelle,Australia,F,Rowing,0,0,1,1
MELBOURNE Jade,Australia,F,Basketball,0,0,1,1
MORRISON Jess,Australia,F,Rowing,0,0,1,1
NEILL Thomas,Australia,M,Swimming,0,0,1,1
PARKER Caitlin,Australia,F,Boxing,0,0,1,1
PATTERSON Eleanor,Australia,F,Athletics,0,0,1,1
SENIOR Charlie,Australia,M,Boxing,0,0,1,1
SMITH Alanna,Australia,F,Basketball,0,0,1,1
SMITH Penny,Australia,F,Shooting,0,0,1,1
TALBOT Steph,Australia,F,Basketball,0,0,1,1
TEMPLE Matthew,Australia,M,Swimming,0,0,1,1
TOLO Marianna,Australia,F,Basketball,0,0,1,1
van der WESTHUYZEN Jean,Australia,M,Canoe Sprint,0,0,1,1
WALLACE Kristy,Australia,F,Basketball,0,0,1,1
WHITCOMB Sami,Australia,F,Basketball,0,0,1,1
YONG Joshua,Australia,M,Swimming,0,0,1,1
PILZ Jessica,Austria,F,Sport Climbing,0,0,1,1
POLLERES Michaela,Austria,F,Judo,0,0,1,1
SCHUBERT Jakob,Austria,M,Sport Climbing,0,0,1,1
JAFAROV Hasrat,Azerbaijan,M,Wrestling,0,0,1,1
MAGOMEDOV Magomedkhan,Azerbaijan,M,Wrestling,0,0,1,1
MESHVILDISHVILI Giorgi,Azerbaijan,M,Wrestling,0,0,1,1
CHAARI Sarah,Belgium,F,Taekwondo,0,0,1,1
KOPECKY Lotte,Belgium,F,Cycling Road,0,0,1,1
van AERT Wout,Belgium,M,Cycling Road,0,0,1,1
van den BOSSCHE Fabio,Belgium,M,Cycling Track,0,0,1,1
VIDTS Noor,Belgium,F,Athletics,0,0,1,1
WILLEMS Gabriella,Belgium,F,Judo,0,0,1,1
AKIO Augusto,Brazil,M,Skateboarding,0,0,1,1
ALEXANDRE COSTA NUNES Nyeme Victor.,Brazil,F,Volleyball,0,0,1,1
ARAUJO Natalia,Brazil,F,Volleyball,0,0,1,1
BARBOSA Jade,Brazil,F,Artistic Gymnastics,0,0,1,1
BERGMANN Julia Isabelle,Brazil,F,Volleyball,0,0,1,1
BRAGA GUIMARAES Gabriela,Brazil,F,Volleyball,0,0,1,1
CARGNIN Daniel,Brazil,M,Judo,0,0,1,1
da SILVA Ana Carolina,Brazil,F,Volleyball,0,0,1,1
DAHER de MENEZES Thaisa,Brazil,F,Volleyball,0,0,1,1
dos SANTOS Alison,Brazil,M,Athletics,0,0,1,1
DUARTE ALECRIM Diana,Brazil,F,Volleyball,0,0,1,1
GERALDO TEIXEIRA Lorenne,Brazil,F,Volleyball,0,0,1,1
GONCALVES Leonardo,Brazil,M,Judo,0,0,1,1
LEAL Rayssa,Brazil,F,Skateboarding,0,0,1,1
LEMES SANTOS Tainara,Brazil,F,Volleyball,0,0,1,1
MACEDO Rafael,Brazil,M,Judo,0,0,1,1
MEDINA Gabriel,Brazil,M,Surfing,0,0,1,1
MENEZES OLIVEIRA de SOUZA Ana Cris.,Brazil,F,Volleyball,0,0,1,1
MONTIBELLER Rosamaria,Brazil,F,Volleyball,0,0,1,1
OLIVEIRA Lorrane,Brazil,F,Artistic Gymnastics,0,0,1,1
PONTES Edival,Brazil,M,Taekwondo,0,0,1,1
QUADROS Ketleyn,Brazil,F,Judo,0,0,1,1
RATZKE Roberta Silva,Brazil,F,Volleyball,0,0,1,1
SARAIVA Flavia,Brazil,F,Artistic Gymnastics,0,0,1,1
SCHIMIDT Guilherme,Brazil,M,Judo,0,0,1,1
SILVA CARNEIRO Macris Fernanda,Brazil,F,Volleyball,0,0,1,1
SILVA Rafael,Brazil,M,Judo,0,0,1,1
SILVA Rafaela,Brazil,F,Judo,0,0,1,1
SOARES FERREIRA Beatriz Iasmin,Brazil,F,Boxing,0,0,1,1
SOARES Julia,Brazil,F,Artistic Gymnastics,0,0,1,1
MINASYAN Gor,Bahrain,M,Weightlifting,0,0,1,1
ANDREEV Bozhidar Dimitrov,Bulgaria,M,Weightlifting,0,0,1,1
IBANEZ DIAZ Javier,Bulgaria,M,Boxing,0,0,1,1
KIMIA Alizadeh,Bulgaria,F,Taekwondo,0,0,1,1
AUGER-ALIASSIME Felix,Canada,M,Tennis,0,0,1,1
DABROWSKI Gabriela,Canada,F,Tennis,0,0,1,1
HARVEY Eleanor,Canada,F,Fencing,0,0,1,1
MACKENZIE Sloan,Canada,F,Canoe Sprint,0,0,1,1
MASSE Kylie,Canada,F,Swimming,0,0,1,1
METHOT Sophiane,Canada,F,Trampoline Gymnastics,0,0,1,1
NEWMAN Alysha,Canada,F,Athletics,0,0,1,1
PARK Skylar,Canada,F,Taekwondo,0,0,1,1
SANFORD Wyatt,Canada,M,Boxing,0,0,1,1
WIENS Rylan,Canada,M,Diving,0,0,1,1
ZSOMBOR-MURRAY Nathan,Canada,M,Diving,0,0,1,1
671,China,F,Breaking,0,0,1,1
CHENG Yujie,China,F,Swimming,0,0,1,1
FENG Ziqi,China,F,Wrestling,0,0,1,1
GE Chutong,China,F,Swimming,0,0,1,1
HONG Kexin,China,F,Wrestling,0,0,1,1
JIANG Yiting,China,F,Shooting,0,0,1,1
KONG Yaqi,China,F,Swimming,0,0,1,1
LI Bingjie,China,F,Swimming,0,0,1,1
LIANG Yushuai,China,M,Taekwondo,0,0,1,1
LIN Xiyu Janet,China,F,Golf,0,0,1,1
LIU Yaxin,China,F,Swimming,0,0,1,1
LYU Jianlin,China,M,Shooting,0,0,1,1
MA Zhenzhao,China,F,Judo,0,0,1,1
MENG Lingzhe,China,M,Wrestling,0,0,1,1
PANG Qianyu,China,F,Wrestling,0,0,1,1
SONG Jiayuan,China,F,Athletics,0,0,1,1
TANG Muhan,China,F,Swimming,0,0,1,1
WAN Letian,China,F,Swimming,0,0,1,1
WANG Shun,China,M,Swimming,0,0,1,1
WANG Xinjie,China,M,Shooting,0,0,1,1
WANG Xueer,China,F,Swimming,0,0,1,1
YAN Langyu,China,M,Trampoline Gymnastics,0,0,1,1
ZHANG Qiongyue,China,F,Shooting,0,0,1,1
ZHAO Jie,China,F,Athletics,0,0,1,1
CISSE Cheick Sallah,C√¥te d'Ivoire,M,Taekwondo,0,0,1,1
RENTERIA RENTERIA Tatiana,Colombia,F,Wrestling,0,0,1,1
de PINA David,Cabo Verde,M,Boxing,0,0,1,1
ELKASEVIC Sandra,Croatia,F,Athletics,0,0,1,1
MARICIC Miran,Croatia,M,Shooting,0,0,1,1
STOJKOVIC Lena,Croatia,F,Taekwondo,0,0,1,1
ALBA Rafael,Cuba,M,Taekwondo,0,0,1,1
CIRILO DUBOYS Yarisleidis,Cuba,F,Canoe Sprint,0,0,1,1
LOPEZ CARDONA Arlen,Cuba,M,Boxing,0,0,1,1
MARIN POTRILLE Milaimy de la Carid.,Cuba,F,Wrestling,0,0,1,1
ORTA SANCHEZ Luis Alberto,Cuba,M,Wrestling,0,0,1,1
ROSILLO KINDELAN Gabriel Alejandro,Cuba,M,Wrestling,0,0,1,1
BERAN Jiri,Czechia,M,Fencing,0,0,1,1
CUPR Michal,Czechia,M,Fencing,0,0,1,1
JURKA Jakub,Czechia,M,Fencing,0,0,1,1
OGRODNIKOVA Nikola,Czechia,F,Athletics,0,0,1,1
RUBES Martin,Czechia,M,Fencing,0,0,1,1
AABERG IVERSEN Sarah,Denmark,F,Handball,0,0,1,1
BISULTANOV Turpal Ali,Denmark,M,Wrestling,0,0,1,1
ELVER Helena,Denmark,F,Handball,0,0,1,1
FRIIS Emma,Denmark,F,Handball,0,0,1,1
HANSEN Anne Mette,Denmark,F,Handball,0,0,1,1
HAUGSTED Line,Denmark,F,Handball,0,0,1,1
HEINDAHL Kathrine,Denmark,F,Handball,0,0,1,1
HOEJLUND Mie,Denmark,F,Handball,0,0,1,1
HRNIC Edi,Denmark,M,Taekwondo,0,0,1,1
IVERSEN Rikke,Denmark,F,Handball,0,0,1,1
JOERGENSEN Kristina,Denmark,F,Handball,0,0,1,1
JORGENSEN Emma Aastrand,Denmark,F,Canoe Sprint,0,0,1,1
LARSEN Niklas,Denmark,M,Cycling Track,0,0,1,1
MOELLER Michala,Denmark,F,Handball,0,0,1,1
MOERKOEV Michael,Denmark,M,Cycling Track,0,0,1,1
OESTERGAARD Trine,Denmark,F,Handball,0,0,1,1
REINHARDT Althea,Denmark,F,Handball,0,0,1,1
TOFT Sandra,Denmark,F,Handball,0,0,1,1
TRANBORG Mette,Denmark,F,Handball,0,0,1,1
VINTER BURGAARD Louise,Denmark,F,Handball,0,0,1,1
ALCANTARA REYES Yunior,Dominican Republic,M,Boxing,0,0,1,1
PINALES Cristian Javier,Dominican Republic,M,Boxing,0,0,1,1
DAJOMES BARRERA Neisi Patricia,Ecuador,F,Weightlifting,0,0,1,1
PALACIOS DAJOMES Angie Paola,Ecuador,F,Weightlifting,0,0,1,1
ELSAYED Mohamed,Egypt,M,Fencing,0,0,1,1
DJANKEU NGAMBA Cindy Winner,EOR,F,Boxing,0,0,1,1
AREVALO Carlos,Spain,M,Canoe Sprint,0,0,1,1
BUCSA Cristina,Spain,F,Tennis,0,0,1,1
CASADO Agustin,Spain,M,Handball,0,0,1,1
COOPER Marcus,Spain,M,Canoe Sprint,0,0,1,1
CORRALES Rodrigo,Spain,M,Handball,0,0,1,1
CRAVIOTTO Saul,Spain,M,Canoe Sprint,0,0,1,1
DOMINGUEZ Diego,Spain,M,Canoe Sprint,0,0,1,1
DUJSHEBAEV Alex,Spain,M,Handball,0,0,1,1
DUJSHEBAEV Daniel,Spain,M,Handball,0,0,1,1
ECHANIZ Pau,Spain,M,Canoe Slalom,0,0,1,1
FERNANDEZ Daniel,Spain,M,Handball,0,0,1,1
FERRE GASET Txell,Spain,F,Artistic Swimming,0,0,1,1
FIGUERAS Adrian,Spain,M,Handball,0,0,1,1
GARCIA POLO Marina,Spain,F,Artistic Swimming,0,0,1,1
GARCIANDIA Imanol,Spain,M,Handball,0,0,1,1
GARRIGOS Francisco,Spain,M,Judo,0,0,1,1
GERMADE Rodrigo,Spain,M,Canoe Sprint,0,0,1,1
GOMEZ Aleix,Spain,M,Handball,0,0,1,1
LLUIS VALETTE Lilou,Spain,F,Artistic Swimming,0,0,1,1
MAQUEDA Jorge,Spain,M,Handball,0,0,1,1
MAS PUJADAS Meritxell,Spain,F,Artistic Swimming,0,0,1,1
MORENO Joan Antoni,Spain,M,Canoe Sprint,0,0,1,1
ODRIOZOLA Kauldi,Spain,M,Handball,0,0,1,1
OZHOGINA OZHOGIN Alisa,Spain,F,Artistic Swimming,0,0,1,1
PEREZ de VARGAS Gonzalo,Spain,M,Handball,0,0,1,1
RAMIREZ IBANEZ Paula,Spain,F,Artistic Swimming,0,0,1,1
REYES PLA Enmanuel,Spain,M,Boxing,0,0,1,1
RODRIGUEZ Javier,Spain,M,Handball,0,0,1,1
SALDANA LOPEZ Sara,Spain,F,Artistic Swimming,0,0,1,1
SANCHEZ-MIGALLON Miguel,Spain,M,Handball,0,0,1,1
SERDIO Abel,Spain,M,Handball,0,0,1,1
SORRIBES TORMO Sara,Spain,F,Tennis,0,0,1,1
TARRAFETA Ian,Spain,M,Handball,0,0,1,1
TIO CASAS Iris,Spain,F,Artistic Swimming,0,0,1,1
TOLEDANO LAUT Blanca,Spain,F,Artistic Swimming,0,0,1,1
ABOUDOU MOINDZE Djamili-Dini,France,M,Boxing,0,0,1,1
APITHY Bolade,France,M,Fencing,0,0,1,1
BARBELIN Lisa,France,F,Archery,0,0,1,1
BERGERE Leo,France,M,Triathlon,0,0,1,1
CHASTANET Maximilien,France,M,Fencing,0,0,1,1
DEFAY Johanne,France,F,Surfing,0,0,1,1
DELESTRE Simon,France,M,Equestrian,0,0,1,1
EPAILLARD Julien,France,M,Equestrian,0,0,1,1
FENTE--DAMERS Rafael,France,M,Swimming,0,0,1,1
GAUZY Simon,France,M,Table Tennis,0,0,1,1
GROUSSET Maxime,France,M,Swimming,0,0,1,1
JEANJEAN Anthony,France,M,Cycling BMX Freestyle,0,0,1,1
LAPORTE Christophe,France,M,Cycling Road,0,0,1,1
LEBRUN Alexis,France,M,Table Tennis,0,0,1,1
LEFORT Enzo,France,M,Fencing,0,0,1,1
MAHIEU Romain,France,M,Cycling BMX Racing,0,0,1,1
MERTINE Julien,France,M,Fencing,0,0,1,1
NDOYE-BROUARD Yohann,France,M,Swimming,0,0,1,1
PATRICE Jean-Philippe,France,M,Fencing,0,0,1,1
PATRICE Sebastien,France,M,Fencing,0,0,1,1
PAUTY Maxime,France,M,Fencing,0,0,1,1
PERREAU Olivier,France,M,Equestrian,0,0,1,1
PIANFETTI Maxime,France,M,Fencing,0,0,1,1
PICON Charline,France,F,Sailing,0,0,1,1
RAVET Cyrian,France,M,Taekwondo,0,0,1,1
SECCHI Clement,France,M,Swimming,0,0,1,1
STEYAERT Sarah,France,F,Sailing,0,0,1,1
ALDRIDGE Matt,Great Britain,M,Rowing,0,0,1,1
AMBLER David,Great Britain,M,Rowing,0,0,1,1
AZU Jeremiah,Great Britain,M,Athletics,0,0,1,1
BELL Georgia,Great Britain,F,Athletics,0,0,1,1
BROWN Sky,Great Britain,F,Skateboarding,0,0,1,1
CAMPBELL Emily,Great Britain,F,Weightlifting,0,0,1,1
CAMPBELL-ORDE Annie,Great Britain,F,Rowing,0,0,1,1
DAVEY Lewis,Great Britain,M,Athletics,0,0,1,1
DAVIDSON Freddie,Great Britain,M,Rowing,0,0,1,1
DICKINSON Samuel,Great Britain,M,Triathlon,0,0,1,1
DOBSON Charles,Great Britain,M,Athletics,0,0,1,1
DUNFORD Holly,Great Britain,F,Rowing,0,0,1,1
FIELDMAN Henry,Great Britain,M,Rowing,0,0,1,1
FORD Emily,Great Britain,F,Rowing,0,0,1,1
HARDING Anthony,Great Britain,M,Diving,0,0,1,1
HARPER Yasmin,Great Britain,F,Diving,0,0,1,1
HARRIES Toby,Great Britain,M,Athletics,0,0,1,1
HEPWORTH Harry,Great Britain,M,Artistic Gymnastics,0,0,1,1
HESTER Carl,Great Britain,M,Equestrian,0,0,1,1
HINCHLIFFE Louie,Great Britain,M,Athletics,0,0,1,1
HODGKINS BYRNE Mathilda,Great Britain,F,Rowing,0,0,1,1
HUGHES Zharnel,Great Britain,M,Athletics,0,0,1,1
IRWIN Lauren,Great Britain,F,Rowing,0,0,1,1
JARMAN Jake,Great Britain,M,Artistic Gymnastics,0,0,1,1
JOHN Yemi Mary,Great Britain,F,Athletics,0,0,1,1
KELLY Hannah,Great Britain,F,Athletics,0,0,1,1
KILTY Richard,Great Britain,M,Athletics,0,0,1,1
KNIGHT Josie,Great Britain,F,Cycling Track,0,0,1,1
LAUGHER Jack,Great Britain,M,Diving,0,0,1,1
LONG Heidi,Great Britain,F,Rowing,0,0,1,1
McKELLAR Rowan,Great Britain,F,Rowing,0,0,1,1
MEW JENSEN Scarlett,Great Britain,F,Diving,0,0,1,1
MITCHELL-BLAKE Nethaneel,Great Britain,M,Athletics,0,0,1,1
MOODY Becky,Great Britain,F,Equestrian,0,0,1,1
MORRIS Anna,Great Britain,F,Cycling Track,0,0,1,1
NIELSEN Lina,Great Britain,F,Athletics,0,0,1,1
OHURUOGU Victoria,Great Britain,F,Athletics,0,0,1,1
RICHARDSON Lewis,Great Britain,M,Boxing,0,0,1,1
ROBERTS Jessica,Great Britain,F,Cycling Track,0,0,1,1
SPENDOLINI SIRIEIX Andrea,Great Britain,F,Diving,0,0,1,1
STEWART Eve,Great Britain,F,Rowing,0,0,1,1
TAYLOR Harriet,Great Britain,F,Rowing,0,0,1,1
TAYLOR-BROWN Georgia,Great Britain,F,Triathlon,0,0,1,1
TOULSON Lois,Great Britain,F,Diving,0,0,1,1
WILDE Rebecca,Great Britain,F,Rowing,0,0,1,1
WILKES Oliver,Great Britain,M,Rowing,0,0,1,1
WILLIAMS Jodie,Great Britain,F,Athletics,0,0,1,1
WILSON Emma,Great Britain,F,Sailing,0,0,1,1
GURULI Lasha,Georgia,M,Boxing,0,0,1,1
ANYOMI Nicole,Germany,F,Football,0,0,1,1
BERGER Ann-Katrin,Germany,F,Football,0,0,1,1
BRAND Jule,Germany,F,Football,0,0,1,1
BUEHL Klara,Germany,F,Football,0,0,1,1
BURGHARDT Alexandra,Germany,F,Athletics,0,0,1,1
DOORSOUN Sara,Germany,F,Football,0,0,1,1
ENDEMANN Vivien,Germany,F,Football,0,0,1,1
FREIGANG Laura,Germany,F,Football,0,0,1,1
FROHMS Merle,Germany,F,Football,0,0,1,1
GOSE Isabel,Germany,F,Swimming,0,0,1,1
GRABOSCH Pauline,Germany,F,Cycling Track,0,0,1,1
GREITEN Pia,Germany,F,Rowing,0,0,1,1
GWINN Giulia,Germany,F,Football,0,0,1,1
HAASE Rebekka,Germany,F,Athletics,0,0,1,1
HEGERING Marina,Germany,F,Football,0,0,1,1
HEGGE Noah,Germany,M,Canoe Slalom,0,0,1,1
HENDRICH Kathrin,Germany,F,Football,0,0,1,1
HINZE Emma,Germany,F,Cycling Track,0,0,1,1
JUNK Sophia,Germany,F,Athletics,0,0,1,1
LINDER Sarai,Germany,F,Football,0,0,1,1
LOHMANN Sydney,Germany,F,Football,0,0,1,1
LUECKENKEMPER Gina,Germany,F,Athletics,0,0,1,1
MAYER Lisa,Germany,F,Athletics,0,0,1,1
MENZEL Leonie,Germany,F,Rowing,0,0,1,1
MINGE Janina,Germany,F,Football,0,0,1,1
NUESKEN Sjoeke,Germany,F,Football,0,0,1,1
POPP Alexandra,Germany,F,Football,0,0,1,1
RAUCH Felicitas,Germany,F,Football,0,0,1,1
SCHENDEKEHL Tabea,Germany,F,Rowing,0,0,1,1
SCHUELLER Lea,Germany,F,Football,0,0,1,1
SCHULZE SOLANO Bibiane,Germany,F,Football,0,0,1,1
SENSS Elisa,Germany,F,Football,0,0,1,1
TIAFACK Nelvie Raman,Germany,M,Boxing,0,0,1,1
VOELZ Maren,Germany,F,Rowing,0,0,1,1
FITSIOU Zoi,Greece,F,Rowing,0,0,1,1
GKAIDATZIS Petros,Greece,M,Rowing,0,0,1,1
KARALIS Emmanouil,Greece,M,Athletics,0,0,1,1
KONTOU Dimitra,Greece,F,Rowing,0,0,1,1
KURUGLIEV Dauren,Greece,M,Wrestling,0,0,1,1
PAPAKONSTANTINOU Antonios,Greece,M,Rowing,0,0,1,1
PETROUNIAS Eleftherios,Greece,M,Artistic Gymnastics,0,0,1,1
TSELIDIS Theodoros,Greece,M,Judo,0,0,1,1
PETERS Anderson,Grenada,M,Athletics,0,0,1,1
VICTOR Lindon,Grenada,M,Athletics,0,0,1,1
BROL CARDENAS Jean Pierre,Guatemala,M,Shooting,0,0,1,1
BETLEHEM David,Hungary,M,Marathon Swimming,0,0,1,1
KOPASZ Balint,Hungary,M,Canoe Sprint,0,0,1,1
MAJOR Veronika,Hungary,F,Shooting,0,0,1,1
MUHARI Eszter,Hungary,F,Fencing,0,0,1,1
TUNJUNG Gregoria Mariska,Indonesia,F,Badminton,0,0,1,1
ABHISHEK Abhishek,India,M,Hockey,0,0,1,1
AMAN Aman,India,M,Wrestling,0,0,1,1
KUSALE Swapnil,India,M,Shooting,0,0,1,1
PAL Raj Kumar,India,M,Hockey,0,0,1,1
PARATTU RAVEENDRAN Sreejesh,India,M,Hockey,0,0,1,1
PRASAD Vivek Sagar,India,M,Hockey,0,0,1,1
ROHIDAS Amit,India,M,Hockey,0,0,1,1
SANJAY Sanjay,India,M,Hockey,0,0,1,1
SINGH Gurjant,India,M,Hockey,0,0,1,1
SINGH Hardik,India,M,Hockey,0,0,1,1
SINGH Harmanpreet,India,M,Hockey,0,0,1,1
SINGH Jarmanpreet,India,M,Hockey,0,0,1,1
SINGH Mandeep,India,M,Hockey,0,0,1,1
SINGH Manpreet,India,M,Hockey,0,0,1,1
SINGH Sarabjot,India,M,Shooting,0,0,1,1
SINGH Shamsher,India,M,Hockey,0,0,1,1
SINGH Sukhjeet,India,M,Hockey,0,0,1,1
SUMIT Sumit,India,M,Hockey,0,0,1,1
UPADHYAY Lalit Kumar,India,M,Hockey,0,0,1,1
AZARPIRA Amirali,IR Iran,M,Wrestling,0,0,1,1
MIRZAZADEH Amin,IR Iran,M,Wrestling,0,0,1,1
NEMATZADEH Mobina,IR Iran,F,Taekwondo,0,0,1,1
DOYLE Philip,Ireland,M,Rowing,0,0,1,1
LYNCH Daire,Ireland,M,Rowing,0,0,1,1
Mc SHARRY Mona,Ireland,F,Swimming,0,0,1,1
PALTCHIK Peter,Israel,M,Judo,0,0,1,1
ALESSIO Simone,Italy,M,Taekwondo,0,0,1,1
CENTOFANTI Martina,Italy,F,Rhythmic Gymnastics,0,0,1,1
CONTE BONIN Paolo,Italy,M,Swimming,0,0,1,1
DEPLANO Leonardo,Italy,M,Swimming,0,0,1,1
DIAZ HERNANDEZ Andy,Italy,M,Athletics,0,0,1,1
DURANTI Agnese,Italy,F,Rhythmic Gymnastics,0,0,1,1
FRIGO Manuel,Italy,M,Swimming,0,0,1,1
FURLANI Mattia,Italy,M,Athletics,0,0,1,1
LAMON Francesco,Italy,M,Cycling Track,0,0,1,1
MALAN Giorgio,Italy,M,Modern Pentathlon,0,0,1,1
MAURELLI Alessia,Italy,F,Rhythmic Gymnastics,0,0,1,1
MILAN Jonathan,Italy,M,Cycling Track,0,0,1,1
MIRESSI Alessandro,Italy,M,Swimming,0,0,1,1
MOGUREAN Daniela,Italy,F,Rhythmic Gymnastics,0,0,1,1
MONNA Paolo,Italy,M,Shooting,0,0,1,1
MUSETTI Lorenzo,Italy,M,Tennis,0,0,1,1
PARIS Laura,Italy,F,Rhythmic Gymnastics,0,0,1,1
PIZZOLATO Antonino,Italy,M,Weightlifting,0,0,1,1
RAFFAELI Sofia,Italy,F,Rhythmic Gymnastics,0,0,1,1
SAMELE Luigi,Italy,M,Fencing,0,0,1,1
TADDEUCCI Ginevra,Italy,F,Marathon Swimming,0,0,1,1
ZAZZERI Lorenzo,Italy,M,Swimming,0,0,1,1
BROADBELL Rasheed,Jamaica,M,Athletics,0,0,1,1
CAMPBELL Rajindra,Jamaica,M,Athletics,0,0,1,1
AZUMA Sera,Japan,F,Fencing,0,0,1,1
EMURA Misaki,Japan,F,Fencing,0,0,1,1
FUKUSHIMA Shihomi,Japan,F,Fencing,0,0,1,1
HIGASHINO Arisa,Japan,F,Badminton,0,0,1,1
KIKUCHI Komaki,Japan,F,Fencing,0,0,1,1
KITAJIMA Ryuzo,Japan,M,Equestrian,0,0,1,1
MATSUYAMA Hideki,Japan,M,Golf,0,0,1,1
MATSUYAMA Nami,Japan,F,Badminton,0,0,1,1
MIYAWAKI Karin,Japan,F,Fencing,0,0,1,1
OIWA Yoshiaki,Japan,M,Equestrian,0,0,1,1
OZAKI Nonoka,Japan,F,Wrestling,0,0,1,1
OZAKI Seri,Japan,F,Fencing,0,0,1,1
SHIDA Chiharu,Japan,F,Badminton,0,0,1,1
SUSAKI Yui,Japan,F,Wrestling,0,0,1,1
TAKASHIMA Risa,Japan,F,Fencing,0,0,1,1
TANAKA Toshiyuki,Japan,M,Equestrian,0,0,1,1
TOMOTO Kazuma,Japan,M,Equestrian,0,0,1,1
UENO Yuka,Japan,F,Fencing,0,0,1,1
WATANABE Yuta,Japan,M,Badminton,0,0,1,1
KYRGYZBAYEV Gusman,Kazakhstan,M,Judo,0,0,1,1
KYZAIBAY Nazym,Kazakhstan,F,Boxing,0,0,1,1
LE Alexandra,Kazakhstan,F,Shooting,0,0,1,1
SATPAYEV Islam,Kazakhstan,M,Shooting,0,0,1,1
CHEROTICH Faith,Kenya,F,Athletics,0,0,1,1
KIBIWOT Abraham,Kenya,M,Athletics,0,0,1,1
KIPRUTO Benson,Kenya,M,Athletics,0,0,1,1
MORAA Mary,Kenya,F,Athletics,0,0,1,1
OBIRI Hellen,Kenya,F,Athletics,0,0,1,1
DZHUZUPBEKOV Uzur,Kyrgyzstan,M,Wrestling,0,0,1,1
MAKHMUDOV Akzhol,Kyrgyzstan,M,Wrestling,0,0,1,1
SHARSHENBEKOV Zholaman,Kyrgyzstan,M,Wrestling,0,0,1,1
TYNYBEKOVA Aisuluu,Kyrgyzstan,F,Wrestling,0,0,1,1
AN Baul,Korea,M,Judo,0,0,1,1
HAN Juyeop,Korea,M,Judo,0,0,1,1
IM Aeji,Korea,F,Boxing,0,0,1,1
JEON Jihee,Korea,F,Table Tennis,0,0,1,1
JUNG Yerin,Korea,F,Judo,0,0,1,1
KIM Jisu,Korea,F,Judo,0,0,1,1
KIM Won Jin,Korea,M,Judo,0,0,1,1
KIM Woomin,Korea,M,Swimming,0,0,1,1
LEE Dabin,Korea,F,Taekwondo,0,0,1,1
LEE Eunhye,Korea,F,Table Tennis,0,0,1,1
LEE Hyekyeong,Korea,F,Judo,0,0,1,1
LIM Jonghoon,Korea,M,Table Tennis,0,0,1,1
SEONG Seungmin,Korea,F,Modern Pentathlon,0,0,1,1
YOON Hyunji,Korea,F,Judo,0,0,1,1
FAZLIU Laura,Kosovo,F,Judo,0,0,1,1
DZIAUGYS Evaldas,Lithuania,M,3x3 Basketball,0,0,1,1
MATULIS Gintautas,Lithuania,M,3x3 Basketball,0,0,1,1
PUKELIS Aurelijus,Lithuania,M,3x3 Basketball,0,0,1,1
SENKUTE Viktorija,Lithuania,F,Rowing,0,0,1,1
VINGELIS Sarunas,Lithuania,M,3x3 Basketball,0,0,1,1
AKHOMACH Ilias,Morocco,M,Football,0,0,1,1
BEN SEGHIR Eliesse,Morocco,M,Football,0,0,1,1
BOUCHOUARI Benjamin,Morocco,M,Football,0,0,1,1
BOUKAMIR Mehdi,Morocco,M,Football,0,0,1,1
EL AZZOUZI Oussama,Morocco,M,Football,0,0,1,1
EL KAJOUI Munir,Morocco,M,Football,0,0,1,1
EL KHANNOUSS Bilal,Morocco,M,Football,0,0,1,1
EL OUAHDI Zakaria,Morocco,M,Football,0,0,1,1
EZZALZOULI Abde,Morocco,M,Football,0,0,1,1
GHANIMI Rachid,Morocco,M,Football,0,0,1,1
HAKIMI Achraf,Morocco,M,Football,0,0,1,1
KECHTA Yassine,Morocco,M,Football,0,0,1,1
MANAOUT Haytam,Morocco,M,Football,0,0,1,1
MAOUHOUB Mehdi,Morocco,M,Football,0,0,1,1
NAKACH Akram,Morocco,M,Football,0,0,1,1
RAHIMI Soufiane,Morocco,M,Football,0,0,1,1
RICHARDSON Amir,Morocco,M,Football,0,0,1,1
TAHIF Adil,Morocco,M,Football,0,0,1,1
TARGHALLINE Oussama,Morocco,M,Football,0,0,1,1
CHIA Aaron,Malaysia,M,Badminton,0,0,1,1
LEE Zii Jia,Malaysia,M,Badminton,0,0,1,1
SOH Wooi Yik,Malaysia,M,Badminton,0,0,1,1
OSMANOV Adil,Republic of Moldova,M,Judo,0,0,1,1
TARNOVSCHI Serghei,Republic of Moldova,M,Canoe Sprint,0,0,1,1
VIERU Denis,Republic of Moldova,M,Judo,0,0,1,1
RUIZ Angela,Mexico,F,Archery,0,0,1,1
VALENCIA Alejandra,Mexico,F,Archery,0,0,1,1
VAZQUEZ Ana,Mexico,F,Archery,0,0,1,1
AARTS Laura,Netherlands,F,Water Polo,0,0,1,1
BUIS Sarah,Netherlands,F,Water Polo,0,0,1,1
CORBEAU Caspar,Netherlands,M,Swimming,0,0,1,1
de BROUWER Bregje,Netherlands,F,Artistic Swimming,0,0,1,1
de BROUWER Noortje,Netherlands,F,Artistic Swimming,0,0,1,1
JOUSTRA Kittylynn,Netherlands,F,Water Polo,0,0,1,1
KEUNING Maartje,Netherlands,F,Water Polo,0,0,1,1
LAMMERTS Annelous,Netherlands,F,Sailing,0,0,1,1
MOOLHUIJZEN Lola,Netherlands,F,Water Polo,0,0,1,1
ROGGE Bente,Netherlands,F,Water Polo,0,0,1,1
ROGGE Lieke,Netherlands,F,Water Polo,0,0,1,1
SCHOUTEN Tes,Netherlands,F,Swimming,0,0,1,1
SEVENICH Vivian,Netherlands,F,Water Polo,0,0,1,1
SLEEKING Brigitte,Netherlands,F,Water Polo,0,0,1,1
TEN BROEK Nina,Netherlands,F,Water Polo,0,0,1,1
van BELLE Lisa,Netherlands,F,Cycling Track,0,0,1,1
van de KRAATS Simone,Netherlands,F,Water Polo,0,0,1,1
van der DUIN Maike,Netherlands,F,Cycling Track,0,0,1,1
van der SLOOT Sabrina,Netherlands,F,Water Polo,0,0,1,1
van der VLEUTEN Maikel,Netherlands,M,Equestrian,0,0,1,1
van DORP Simon,Netherlands,M,Rowing,0,0,1,1
van OPZEELAND Luuc,Netherlands,M,Sailing,0,0,1,1
WOLVES Iris,Netherlands,F,Water Polo,0,0,1,1
BULLEN Grace Jacob,Norway,F,Wrestling,0,0,1,1
HOEST Line Flem,Norway,F,Sailing,0,0,1,1
MOL Anders Berntsen,Norway,M,Beach Volleyball,0,0,1,1
SOERUM Christian Sandlie,Norway,M,Beach Volleyball,0,0,1,1
DAWSON Erica,New Zealand,F,Sailing,0,0,1,1
GOWLER Jackie,New Zealand,F,Rowing,0,0,1,1
SPOORS Phoebe,New Zealand,F,Rowing,0,0,1,1
WADDY Davina,New Zealand,F,Rowing,0,0,1,1
WILKINSON Micah,New Zealand,M,Sailing,0,0,1,1
WILLIAMS Kerri,New Zealand,F,Rowing,0,0,1,1
PESCHIERA Stefano,Peru,M,Sailing,0,0,1,1
PETECIO Nesthy,Philippines,F,Boxing,0,0,1,1
VILLEGAS Aira,Philippines,F,Boxing,0,0,1,1
BARANSKI Fabian,Poland,M,Rowing,0,0,1,1
BISKUP Mateusz,Poland,M,Rowing,0,0,1,1
CZAJA Dominik,Poland,M,Rowing,0,0,1,1
JARECKA Aleksandra,Poland,F,Fencing,0,0,1,1
KACZMAREK Natalia,Poland,F,Athletics,0,0,1,1
KALUCKA Aleksandra,Poland,F,Sport Climbing,0,0,1,1
KLASIK Alicja,Poland,F,Fencing,0,0,1,1
KNAPIK-MIAZGA Renata,Poland,F,Fencing,0,0,1,1
SWATOWSKA-WENGLARCZYK Martyna,Poland,F,Fencing,0,0,1,1
SWIATEK Iga,Poland,F,Tennis,0,0,1,1
ZIETARSKI Miroslaw,Poland,M,Rowing,0,0,1,1
SAMPAIO Patricia,Portugal,F,Judo,0,0,1,1
CHOE Hyo Gyong,DPR Korea,F,Wrestling,0,0,1,1
PANG Cholmi,DPR Korea,F,Boxing,0,0,1,1
RI Se Ung,DPR Korea,M,Wrestling,0,0,1,1
CAMACHO-QUINN Jasmine,Puerto Rico,F,Athletics,0,0,1,1
RIVERA Sebastian C,Puerto Rico,M,Wrestling,0,0,1,1
BARSHIM Mutaz Essa,Qatar,M,Athletics,0,0,1,1
BARBOSU Ana,Romania,F,Artistic Gymnastics,0,0,1,1
BROWN Ronald,South Africa,M,Rugby Sevens,0,0,1,1
DAVIDS Selvyn,South Africa,M,Rugby Sevens,0,0,1,1
DAVIDS Zain,South Africa,M,Rugby Sevens,0,0,1,1
GROBBELAAR Christie,South Africa,M,Rugby Sevens,0,0,1,1
HATHERLY Alan,South Africa,M,Cycling Mountain Bike,0,0,1,1
LEYDS Tristan,South Africa,M,Rugby Sevens,0,0,1,1
NORTJE Quewin,South Africa,M,Rugby Sevens,0,0,1,1
OOSTHUIZEN Ryan,South Africa,M,Rugby Sevens,0,0,1,1
PRETORIUS Tiaan,South Africa,M,Rugby Sevens,0,0,1,1
SOYIZWAPI Siviwe,South Africa,M,Rugby Sevens,0,0,1,1
SPECMAN Rosko,South Africa,M,Rugby Sevens,0,0,1,1
van WYK Shilton,South Africa,M,Rugby Sevens,0,0,1,1
VISSER Impi,South Africa,M,Rugby Sevens,0,0,1,1
WILLIAMS Shaun,South Africa,M,Rugby Sevens,0,0,1,1
MAEDER Maximilian,Singapore,M,Sailing,0,0,1,1
AVRAMOVIC Aleksa,Serbia,M,Basketball,0,0,1,1
BOGDANOVIC Bogdan,Serbia,M,Basketball,0,0,1,1
DAVIDOVAC Dejan,Serbia,M,Basketball,0,0,1,1
DOBRIC Ognjen,Serbia,M,Basketball,0,0,1,1
GUDURIC Marko,Serbia,M,Basketball,0,0,1,1
JOKIC Nikola,Serbia,M,Basketball,0,0,1,1
JOVIC Nikola,Serbia,M,Basketball,0,0,1,1
MARINKOVIC Vanja,Serbia,M,Basketball,0,0,1,1
MICIC Vasilije,Serbia,M,Basketball,0,0,1,1
MILUTINOV Nikola,Serbia,M,Basketball,0,0,1,1
PETRUSEV Filip,Serbia,M,Basketball,0,0,1,1
PLAVSIC Uros,Serbia,M,Basketball,0,0,1,1
BRUNNER Nina,Switzerland,F,Beach Volleyball,0,0,1,1
CLAESSENS Zoe,Switzerland,F,Cycling BMX Racing,0,0,1,1
GOGNIAT Audrey,Switzerland,F,Shooting,0,0,1,1
GULICH Andrin,Switzerland,M,Rowing,0,0,1,1
HUEBERLI Tanja,Switzerland,F,Beach Volleyball,0,0,1,1
MITYUKOV Roman,Switzerland,M,Swimming,0,0,1,1
ROEOESLI Roman,Switzerland,M,Rowing,0,0,1,1
BENUS Matej,Slovakia,M,Canoe Slalom,0,0,1,1
BABULFATH Tara,Sweden,F,Judo,0,0,1,1
DAHLBERG Anton,Sweden,M,Sailing,0,0,1,1
KARLSSON Lovisa,Sweden,F,Sailing,0,0,1,1
RISSVEDS Jenny,Sweden,F,Cycling Mountain Bike,0,0,1,1
KHAMBAO Surodchana,Thailand,F,Weightlifting,0,0,1,1
SUWANNAPHENG Janjaem,Thailand,F,Boxing,0,0,1,1
BOLTAEV Davlat,Tajikistan,M,Boxing,0,0,1,1
MAKHMADBEKOV Somon,Tajikistan,M,Judo,0,0,1,1
RAKHIMOV Temur,Tajikistan,M,Judo,0,0,1,1
CHEN Nien Chin,Chinese Taipei,F,Boxing,0,0,1,1
KUO Hsing-Chun,Chinese Taipei,F,Weightlifting,0,0,1,1
LEE Meng Yuan,Chinese Taipei,M,Shooting,0,0,1,1
TANG Chia-Hung,Chinese Taipei,M,Artistic Gymnastics,0,0,1,1
WU Shih Yi,Chinese Taipei,F,Boxing,0,0,1,1
JENDOUBI Mohamed Khalil,Tunisia,M,Taekwondo,0,0,1,1
AKGUL Taha,T√ºrkiye,M,Wrestling,0,0,1,1
CAVUSOGLU TOSUN Buse,T√ºrkiye,F,Wrestling,0,0,1,1
GAZOZ Mete,T√ºrkiye,M,Archery,0,0,1,1
KUS AYDIN Nafia,T√ºrkiye,F,Taekwondo,0,0,1,1
TUMER Berkim,T√ºrkiye,M,Archery,0,0,1,1
YILDIRMIS Abdullah,T√ºrkiye,M,Archery,0,0,1,1
YILDIZ KAHRAMAN Esra,T√ºrkiye,F,Boxing,0,0,1,1
BELENIUK Zhan,Ukraine,M,Wrestling,0,0,1,1
GERASHCHENKO Iryna,Ukraine,F,Athletics,0,0,1,1
KOKHAN Mykhaylo,Ukraine,M,Athletics,0,0,1,1
ANDERSON Matthew,United States,M,Volleyball,0,0,1,1
AVERILL Taylor,United States,M,Volleyball,0,0,1,1
BARROWS Ian,United States,M,Sailing,0,0,1,1
BOWEN Alex,United States,M,Water Polo,0,0,1,1
BROOKS Aaron Marquel,United States,M,Wrestling,0,0,1,1
BROWN Brittany,United States,F,Athletics,0,0,1,1
BURDICK Cierra,United States,F,3x3 Basketball,0,0,1,1
CANETT Kayla,United States,F,Rugby Sevens,0,0,1,1
CARLSON Chris,United States,M,Rowing,0,0,1,1
CHATAIN Peter,United States,M,Rowing,0,0,1,1
CHRISTENSON Micah,United States,M,Volleyball,0,0,1,1
CUPIDO Luca,United States,M,Water Polo,0,0,1,1
DAKE Kyle Douglas,United States,M,Wrestling,0,0,1,1
DAUBE Hannes,United States,M,Water Polo,0,0,1,1
DEAN Clark,United States,M,Rowing,0,0,1,1
DEFALCO Torey,United States,M,Volleyball,0,0,1,1
DODD Chase William,United States,M,Water Polo,0,0,1,1
DODD Ryder,United States,M,Water Polo,0,0,1,1
DOYLE Lauren,United States,F,Rugby Sevens,0,0,1,1
FRITZ Taylor,United States,M,Tennis,0,0,1,1
HALLOCK Ben,United States,M,Water Polo,0,0,1,1
HAMBY Dearica,United States,F,3x3 Basketball,0,0,1,1
HENKEN Hans,United States,M,Sailing,0,0,1,1
HOLLAND Drew,United States,M,Water Polo,0,0,1,1
HOLLINGSWORTH Henry,United States,M,Rowing,0,0,1,1
HOLT Maxwell,United States,M,Volleyball,0,0,1,1
HONG Asher,United States,M,Artistic Gymnastics,0,0,1,1
HOOPER Johnny,United States,M,Water Polo,0,0,1,1
HOWARD Rhyne,United States,F,3x3 Basketball,0,0,1,1
HUSTON Nyjah,United States,M,Skateboarding,0,0,1,1
IRVING Max,United States,M,Water Polo,0,0,1,1
ITKIN Nick,United States,M,Fencing,0,0,1,1
JAESCHKE Thomas,United States,M,Volleyball,0,0,1,1
JENDRYK II Jeffrey,United States,M,Volleyball,0,0,1,1
JONES Omari,United States,M,Boxing,0,0,1,1
JUDA Paul,United States,M,Artistic Gymnastics,0,0,1,1
KAUFHOLD Casey,United States,F,Archery,0,0,1,1
KELTER Alev,United States,F,Rugby Sevens,0,0,1,1
KERLEY Fred,United States,M,Athletics,0,0,1,1
KIRSHE Kristi,United States,F,Rugby Sevens,0,0,1,1
LEIBFARTH Evy,United States,F,Canoe Slalom,0,0,1,1
LEVY Sarah,United States,F,Rugby Sevens,0,0,1,1
MA'A Micah,United States,M,Volleyball,0,0,1,1
MAHER Ilona,United States,F,Rugby Sevens,0,0,1,1
MALONE Brody,United States,M,Artistic Gymnastics,0,0,1,1
MAROULIS Helen Louise,United States,F,Wrestling,0,0,1,1
MILNE Rielly,United States,M,Rowing,0,0,1,1
MORRIS Hampton,United States,M,Weightlifting,0,0,1,1
MUAGUTUTIA Garrett,United States,M,Volleyball,0,0,1,1
NUGUSE Yared,United States,M,Athletics,0,0,1,1
OBERT Alex,United States,M,Water Polo,0,0,1,1
OLSEN Alena,United States,F,Rugby Sevens,0,0,1,1
OLSON Evan,United States,M,Rowing,0,0,1,1
PAUL Tommy,United States,M,Tennis,0,0,1,1
QUINTON Pieter,United States,M,Rowing,0,0,1,1
RAMSEY Ariana,United States,F,Rugby Sevens,0,0,1,1
RICHARD Frederick,United States,M,Artistic Gymnastics,0,0,1,1
ROVETTI Steph,United States,F,Rugby Sevens,0,0,1,1
RUSHER Nick,United States,M,Rowing,0,0,1,1
RUSSELL Aaron,United States,M,Volleyball,0,0,1,1
SEDRICK Alex,United States,F,Rugby Sevens,0,0,1,1
SHOJI Erik,United States,M,Volleyball,0,0,1,1
SMITH David,United States,M,Volleyball,0,0,1,1
SULLIVAN Sammy,United States,F,Rugby Sevens,0,0,1,1
TABASH Christian,United States,M,Rowing,0,0,1,1
TAPPER Naya,United States,F,Rugby Sevens,0,0,1,1
TEACHOUT Kristina,United States,F,Taekwondo,0,0,1,1
van LITH Hailey,United States,F,3x3 Basketball,0,0,1,1
VAVIC Marko,United States,M,Water Polo,0,0,1,1
VICTOR,United States,M,Breaking,0,0,1,1
WATSON Sam,United States,M,Sport Climbing,0,0,1,1
WEINBERG Adrian,United States,M,Water Polo,0,0,1,1
WEYANT Emma,United States,F,Swimming,0,0,1,1
WOODHEAD Dylan,United States,M,Water Polo,0,0,1,1
ABDULLAEV Gulomjon,Uzbekistan,M,Wrestling,0,0,1,1
TUROBOYEV Muzaffarbek,Uzbekistan,M,Judo,0,0,1,1
YUSUPOV Alisher,Uzbekistan,M,Judo,0,0,1,1
SAMUKONGA Muzala,Zambia,M,Athletics,0,0,1,1
